-- phpMyAdmin SQL Dump
-- version 5.1.1
-- https://www.phpmyadmin.net/
--
-- Servidor: 127.0.0.1
-- Tiempo de generación: 07-06-2022 a las 18:34:37
-- Versión del servidor: 10.4.21-MariaDB
-- Versión de PHP: 8.0.12

SET SQL_MODE = "NO_AUTO_VALUE_ON_ZERO";
START TRANSACTION;
SET time_zone = "+00:00";


/*!40101 SET @OLD_CHARACTER_SET_CLIENT=@@CHARACTER_SET_CLIENT */;
/*!40101 SET @OLD_CHARACTER_SET_RESULTS=@@CHARACTER_SET_RESULTS */;
/*!40101 SET @OLD_COLLATION_CONNECTION=@@COLLATION_CONNECTION */;
/*!40101 SET NAMES utf8mb4 */;

--
-- Base de datos: `studhy`
--

-- --------------------------------------------------------

--
-- Estructura de tabla para la tabla `carreras`
--

CREATE TABLE `carreras` (
  `id_carrera` int(11) NOT NULL,
  `nombre` varchar(50) NOT NULL,
  `descripcion` text NOT NULL,
  `grado` varchar(50) NOT NULL,
  `titulo` varchar(50) NOT NULL,
  `duracion` varchar(50) NOT NULL,
  `perfil` text NOT NULL,
  `plan_estudio` varchar(50) DEFAULT NULL
) ENGINE=InnoDB DEFAULT CHARSET=utf8mb4;

--
-- Volcado de datos para la tabla `carreras`
--

INSERT INTO `carreras` (`id_carrera`, `nombre`, `descripcion`, `grado`, `titulo`, `duracion`, `perfil`, `plan_estudio`) VALUES
(1, 'Ingeniería Mecánica y Eléctrica', 'El ingeniero mecánico electricista, egresado de la Untels, diseña, construye, instala y dirige. Mantiene, controla e innova sistemas destinados a la generación, transformación, transmisión y aprovechamiento de la energía eléctrica en todas sus aplicaciones.', 'Bachiller en Ingeniera Mecánica y Eléctrica', 'Ingeniero Mecánico Electricista', '5', 'El Ingeniero Mecánico Electricista egresado de la Universidad Nacional Tecnológica de Lima Sur tiene una formación integral, humanística y científica, consciente de la realidad social, científica y tecnológica a nivel regional y nacional, con aptitudes de inteligencia emocional y valorativa, con habilidades en investigación científica-tecnológica y capacidad productiva, conoce las tendencias del mundo globalizado.', NULL),
(2, 'ADMINISTRACIÓN DE NEGOCIOS INTERNACIONALES', 'La Escuela Profesional de Administración de Negocios Internacionales tiene la misión de formar profesionales de Negocios Internacionales del más alto nivel académico y humanístico, capaz de desempeñarse en las empresas y organizaciones que se desarrollan en los mercados y en los negocios internacionales, así como en la investigación, consultoría y docencia.', 'Bachiller en Administración de Negocios Internacio', 'Licenciado en Administración de Negocios Internaci', '5', 'Es un profesional capacitado para identificar oportunidades de negocios en los mercados internacionales. Está en condiciones de desarrollar estrategias de negocios en el campo de la exportación e importación considerando los cambios de los factores externos que afectan a los mercados globales. Está capacitado para interpretar y aprovechar las diferencias socioculturales, económicas y tecnológicas de los agentes involucrados en el comercio internacional con el fin de concretar negociaciones internacionales exitosas, entre otras competencias.', NULL);

-- --------------------------------------------------------

--
-- Estructura de tabla para la tabla `cursos`
--

CREATE TABLE `cursos` (
  `id_curso` int(11) NOT NULL,
  `nombre` varchar(50) NOT NULL
) ENGINE=InnoDB DEFAULT CHARSET=utf8mb4;

-- --------------------------------------------------------

--
-- Estructura de tabla para la tabla `curso_tema`
--

CREATE TABLE `curso_tema` (
  `id_curso_tema` int(11) NOT NULL,
  `id_curso` int(11) NOT NULL,
  `id_tema` int(11) NOT NULL
) ENGINE=InnoDB DEFAULT CHARSET=utf8mb4;

-- --------------------------------------------------------

--
-- Estructura de tabla para la tabla `departamentos`
--

CREATE TABLE `departamentos` (
  `id_departamento` int(11) NOT NULL,
  `nombre` varchar(50) NOT NULL
) ENGINE=InnoDB DEFAULT CHARSET=utf8mb4;

--
-- Volcado de datos para la tabla `departamentos`
--

INSERT INTO `departamentos` (`id_departamento`, `nombre`) VALUES
(1, 'Amazonas'),
(2, 'Áncash'),
(3, 'Apurímac'),
(4, 'Arequipa'),
(5, 'Ayacucho'),
(6, 'Cajamarca'),
(7, 'Callao'),
(8, 'Cusco'),
(9, 'Huancavelica'),
(10, 'Huánuco'),
(11, 'Ica'),
(12, 'Junín'),
(13, 'La Libertad'),
(14, 'Lambayeque'),
(15, 'Lima'),
(16, 'Loreto'),
(17, 'Madre de Dios'),
(18, 'Moquegua'),
(19, 'Pasco'),
(20, 'Piura'),
(21, 'Puno'),
(22, 'San Martín'),
(23, 'Tacna'),
(24, 'Tumbes'),
(25, 'Ucayali');

-- --------------------------------------------------------

--
-- Estructura de tabla para la tabla `distritos`
--

CREATE TABLE `distritos` (
  `id_distrito` int(11) NOT NULL,
  `id_provincia` int(11) NOT NULL,
  `id_departamento` int(11) NOT NULL,
  `nombre` varchar(50) NOT NULL
) ENGINE=InnoDB DEFAULT CHARSET=utf8mb4;

--
-- Volcado de datos para la tabla `distritos`
--

INSERT INTO `distritos` (`id_distrito`, `id_provincia`, `id_departamento`, `nombre`) VALUES
(10101, 101, 1, 'Chachapoyas'),
(10102, 101, 1, 'Asunción'),
(10103, 101, 1, 'Balsas'),
(10104, 101, 1, 'Cheto'),
(10105, 101, 1, 'Chiliquin'),
(10106, 101, 1, 'Chuquibamba'),
(10107, 101, 1, 'Granada'),
(10108, 101, 1, 'Huancas'),
(10109, 101, 1, 'La Jalca'),
(10110, 101, 1, 'Leimebamba'),
(10111, 101, 1, 'Levanto'),
(10112, 101, 1, 'Magdalena'),
(10113, 101, 1, 'Mariscal Castilla'),
(10114, 101, 1, 'Molinopampa'),
(10115, 101, 1, 'Montevideo'),
(10116, 101, 1, 'Olleros'),
(10117, 101, 1, 'Quinjalca'),
(10118, 101, 1, 'San Francisco de Daguas'),
(10119, 101, 1, 'San Isidro de Maino'),
(10120, 101, 1, 'Soloco'),
(10121, 101, 1, 'Sonche'),
(10201, 102, 1, 'Bagua'),
(10202, 102, 1, 'Aramango'),
(10203, 102, 1, 'Copallin'),
(10204, 102, 1, 'El Parco'),
(10205, 102, 1, 'Imaza'),
(10206, 102, 1, 'La Peca'),
(10301, 103, 1, 'Jumbilla'),
(10302, 103, 1, 'Chisquilla'),
(10303, 103, 1, 'Churuja'),
(10304, 103, 1, 'Corosha'),
(10305, 103, 1, 'Cuispes'),
(10306, 103, 1, 'Florida'),
(10307, 103, 1, 'Jazan'),
(10308, 103, 1, 'Recta'),
(10309, 103, 1, 'San Carlos'),
(10310, 103, 1, 'Shipasbamba'),
(10311, 103, 1, 'Valera'),
(10312, 103, 1, 'Yambrasbamba'),
(10401, 104, 1, 'Nieva'),
(10402, 104, 1, 'El Cenepa'),
(10403, 104, 1, 'Río Santiago'),
(10501, 105, 1, 'Lamud'),
(10502, 105, 1, 'Camporredondo'),
(10503, 105, 1, 'Cocabamba'),
(10504, 105, 1, 'Colcamar'),
(10505, 105, 1, 'Conila'),
(10506, 105, 1, 'Inguilpata'),
(10507, 105, 1, 'Longuita'),
(10508, 105, 1, 'Lonya Chico'),
(10509, 105, 1, 'Luya'),
(10510, 105, 1, 'Luya Viejo'),
(10511, 105, 1, 'María'),
(10512, 105, 1, 'Ocalli'),
(10513, 105, 1, 'Ocumal'),
(10514, 105, 1, 'Pisuquia'),
(10515, 105, 1, 'Providencia'),
(10516, 105, 1, 'San Cristóbal'),
(10517, 105, 1, 'San Francisco de Yeso'),
(10518, 105, 1, 'San Jerónimo'),
(10519, 105, 1, 'San Juan de Lopecancha'),
(10520, 105, 1, 'Santa Catalina'),
(10521, 105, 1, 'Santo Tomas'),
(10522, 105, 1, 'Tingo'),
(10523, 105, 1, 'Trita'),
(10601, 106, 1, 'San Nicolás'),
(10602, 106, 1, 'Chirimoto'),
(10603, 106, 1, 'Cochamal'),
(10604, 106, 1, 'Huambo'),
(10605, 106, 1, 'Limabamba'),
(10606, 106, 1, 'Longar'),
(10607, 106, 1, 'Mariscal Benavides'),
(10608, 106, 1, 'Milpuc'),
(10609, 106, 1, 'Omia'),
(10610, 106, 1, 'Santa Rosa'),
(10611, 106, 1, 'Totora'),
(10612, 106, 1, 'Vista Alegre'),
(10701, 107, 1, 'Bagua Grande'),
(10702, 107, 1, 'Cajaruro'),
(10703, 107, 1, 'Cumba'),
(10704, 107, 1, 'El Milagro'),
(10705, 107, 1, 'Jamalca'),
(10706, 107, 1, 'Lonya Grande'),
(10707, 107, 1, 'Yamon'),
(20101, 201, 2, 'Huaraz'),
(20102, 201, 2, 'Cochabamba'),
(20103, 201, 2, 'Colcabamba'),
(20104, 201, 2, 'Huanchay'),
(20105, 201, 2, 'Independencia'),
(20106, 201, 2, 'Jangas'),
(20107, 201, 2, 'La Libertad'),
(20108, 201, 2, 'Olleros'),
(20109, 201, 2, 'Pampas Grande'),
(20110, 201, 2, 'Pariacoto'),
(20111, 201, 2, 'Pira'),
(20112, 201, 2, 'Tarica'),
(20201, 202, 2, 'Aija'),
(20202, 202, 2, 'Coris'),
(20203, 202, 2, 'Huacllan'),
(20204, 202, 2, 'La Merced'),
(20205, 202, 2, 'Succha'),
(20301, 203, 2, 'Llamellin'),
(20302, 203, 2, 'Aczo'),
(20303, 203, 2, 'Chaccho'),
(20304, 203, 2, 'Chingas'),
(20305, 203, 2, 'Mirgas'),
(20306, 203, 2, 'San Juan de Rontoy'),
(20401, 204, 2, 'Chacas'),
(20402, 204, 2, 'Acochaca'),
(20501, 205, 2, 'Chiquian'),
(20502, 205, 2, 'Abelardo Pardo Lezameta'),
(20503, 205, 2, 'Antonio Raymondi'),
(20504, 205, 2, 'Aquia'),
(20505, 205, 2, 'Cajacay'),
(20506, 205, 2, 'Canis'),
(20507, 205, 2, 'Colquioc'),
(20508, 205, 2, 'Huallanca'),
(20509, 205, 2, 'Huasta'),
(20510, 205, 2, 'Huayllacayan'),
(20511, 205, 2, 'La Primavera'),
(20512, 205, 2, 'Mangas'),
(20513, 205, 2, 'Pacllon'),
(20514, 205, 2, 'San Miguel de Corpanqui'),
(20515, 205, 2, 'Ticllos'),
(20601, 206, 2, 'Carhuaz'),
(20602, 206, 2, 'Acopampa'),
(20603, 206, 2, 'Amashca'),
(20604, 206, 2, 'Anta'),
(20605, 206, 2, 'Ataquero'),
(20606, 206, 2, 'Marcara'),
(20607, 206, 2, 'Pariahuanca'),
(20608, 206, 2, 'San Miguel de Aco'),
(20609, 206, 2, 'Shilla'),
(20610, 206, 2, 'Tinco'),
(20611, 206, 2, 'Yungar'),
(20701, 207, 2, 'San Luis'),
(20702, 207, 2, 'San Nicolás'),
(20703, 207, 2, 'Yauya'),
(20801, 208, 2, 'Casma'),
(20802, 208, 2, 'Buena Vista Alta'),
(20803, 208, 2, 'Comandante Noel'),
(20804, 208, 2, 'Yautan'),
(20901, 209, 2, 'Corongo'),
(20902, 209, 2, 'Aco'),
(20903, 209, 2, 'Bambas'),
(20904, 209, 2, 'Cusca'),
(20905, 209, 2, 'La Pampa'),
(20906, 209, 2, 'Yanac'),
(20907, 209, 2, 'Yupan'),
(21001, 210, 2, 'Huari'),
(21002, 210, 2, 'Anra'),
(21003, 210, 2, 'Cajay'),
(21004, 210, 2, 'Chavin de Huantar'),
(21005, 210, 2, 'Huacachi'),
(21006, 210, 2, 'Huacchis'),
(21007, 210, 2, 'Huachis'),
(21008, 210, 2, 'Huantar'),
(21009, 210, 2, 'Masin'),
(21010, 210, 2, 'Paucas'),
(21011, 210, 2, 'Ponto'),
(21012, 210, 2, 'Rahuapampa'),
(21013, 210, 2, 'Rapayan'),
(21014, 210, 2, 'San Marcos'),
(21015, 210, 2, 'San Pedro de Chana'),
(21016, 210, 2, 'Uco'),
(21101, 211, 2, 'Huarmey'),
(21102, 211, 2, 'Cochapeti'),
(21103, 211, 2, 'Culebras'),
(21104, 211, 2, 'Huayan'),
(21105, 211, 2, 'Malvas'),
(21201, 212, 2, 'Caraz'),
(21202, 212, 2, 'Huallanca'),
(21203, 212, 2, 'Huata'),
(21204, 212, 2, 'Huaylas'),
(21205, 212, 2, 'Mato'),
(21206, 212, 2, 'Pamparomas'),
(21207, 212, 2, 'Pueblo Libre'),
(21208, 212, 2, 'Santa Cruz'),
(21209, 212, 2, 'Santo Toribio'),
(21210, 212, 2, 'Yuracmarca'),
(21301, 213, 2, 'Piscobamba'),
(21302, 213, 2, 'Casca'),
(21303, 213, 2, 'Eleazar Guzmán Barron'),
(21304, 213, 2, 'Fidel Olivas Escudero'),
(21305, 213, 2, 'Llama'),
(21306, 213, 2, 'Llumpa'),
(21307, 213, 2, 'Lucma'),
(21308, 213, 2, 'Musga'),
(21401, 214, 2, 'Ocros'),
(21402, 214, 2, 'Acas'),
(21403, 214, 2, 'Cajamarquilla'),
(21404, 214, 2, 'Carhuapampa'),
(21405, 214, 2, 'Cochas'),
(21406, 214, 2, 'Congas'),
(21407, 214, 2, 'Llipa'),
(21408, 214, 2, 'San Cristóbal de Rajan'),
(21409, 214, 2, 'San Pedro'),
(21410, 214, 2, 'Santiago de Chilcas'),
(21501, 215, 2, 'Cabana'),
(21502, 215, 2, 'Bolognesi'),
(21503, 215, 2, 'Conchucos'),
(21504, 215, 2, 'Huacaschuque'),
(21505, 215, 2, 'Huandoval'),
(21506, 215, 2, 'Lacabamba'),
(21507, 215, 2, 'Llapo'),
(21508, 215, 2, 'Pallasca'),
(21509, 215, 2, 'Pampas'),
(21510, 215, 2, 'Santa Rosa'),
(21511, 215, 2, 'Tauca'),
(21601, 216, 2, 'Pomabamba'),
(21602, 216, 2, 'Huayllan'),
(21603, 216, 2, 'Parobamba'),
(21604, 216, 2, 'Quinuabamba'),
(21701, 217, 2, 'Recuay'),
(21702, 217, 2, 'Catac'),
(21703, 217, 2, 'Cotaparaco'),
(21704, 217, 2, 'Huayllapampa'),
(21705, 217, 2, 'Llacllin'),
(21706, 217, 2, 'Marca'),
(21707, 217, 2, 'Pampas Chico'),
(21708, 217, 2, 'Pararin'),
(21709, 217, 2, 'Tapacocha'),
(21710, 217, 2, 'Ticapampa'),
(21801, 218, 2, 'Chimbote'),
(21802, 218, 2, 'Cáceres del Perú'),
(21803, 218, 2, 'Coishco'),
(21804, 218, 2, 'Macate'),
(21805, 218, 2, 'Moro'),
(21806, 218, 2, 'Nepeña'),
(21807, 218, 2, 'Samanco'),
(21808, 218, 2, 'Santa'),
(21809, 218, 2, 'Nuevo Chimbote'),
(21901, 219, 2, 'Sihuas'),
(21902, 219, 2, 'Acobamba'),
(21903, 219, 2, 'Alfonso Ugarte'),
(21904, 219, 2, 'Cashapampa'),
(21905, 219, 2, 'Chingalpo'),
(21906, 219, 2, 'Huayllabamba'),
(21907, 219, 2, 'Quiches'),
(21908, 219, 2, 'Ragash'),
(21909, 219, 2, 'San Juan'),
(21910, 219, 2, 'Sicsibamba'),
(22001, 220, 2, 'Yungay'),
(22002, 220, 2, 'Cascapara'),
(22003, 220, 2, 'Mancos'),
(22004, 220, 2, 'Matacoto'),
(22005, 220, 2, 'Quillo'),
(22006, 220, 2, 'Ranrahirca'),
(22007, 220, 2, 'Shupluy'),
(22008, 220, 2, 'Yanama'),
(30101, 301, 3, 'Abancay'),
(30102, 301, 3, 'Chacoche'),
(30103, 301, 3, 'Circa'),
(30104, 301, 3, 'Curahuasi'),
(30105, 301, 3, 'Huanipaca'),
(30106, 301, 3, 'Lambrama'),
(30107, 301, 3, 'Pichirhua'),
(30108, 301, 3, 'San Pedro de Cachora'),
(30109, 301, 3, 'Tamburco'),
(30201, 302, 3, 'Andahuaylas'),
(30202, 302, 3, 'Andarapa'),
(30203, 302, 3, 'Chiara'),
(30204, 302, 3, 'Huancarama'),
(30205, 302, 3, 'Huancaray'),
(30206, 302, 3, 'Huayana'),
(30207, 302, 3, 'Kishuara'),
(30208, 302, 3, 'Pacobamba'),
(30209, 302, 3, 'Pacucha'),
(30210, 302, 3, 'Pampachiri'),
(30211, 302, 3, 'Pomacocha'),
(30212, 302, 3, 'San Antonio de Cachi'),
(30213, 302, 3, 'San Jerónimo'),
(30214, 302, 3, 'San Miguel de Chaccrampa'),
(30215, 302, 3, 'Santa María de Chicmo'),
(30216, 302, 3, 'Talavera'),
(30217, 302, 3, 'Tumay Huaraca'),
(30218, 302, 3, 'Turpo'),
(30219, 302, 3, 'Kaquiabamba'),
(30220, 302, 3, 'José María Arguedas'),
(30301, 303, 3, 'Antabamba'),
(30302, 303, 3, 'El Oro'),
(30303, 303, 3, 'Huaquirca'),
(30304, 303, 3, 'Juan Espinoza Medrano'),
(30305, 303, 3, 'Oropesa'),
(30306, 303, 3, 'Pachaconas'),
(30307, 303, 3, 'Sabaino'),
(30401, 304, 3, 'Chalhuanca'),
(30402, 304, 3, 'Capaya'),
(30403, 304, 3, 'Caraybamba'),
(30404, 304, 3, 'Chapimarca'),
(30405, 304, 3, 'Colcabamba'),
(30406, 304, 3, 'Cotaruse'),
(30407, 304, 3, 'Ihuayllo'),
(30408, 304, 3, 'Justo Apu Sahuaraura'),
(30409, 304, 3, 'Lucre'),
(30410, 304, 3, 'Pocohuanca'),
(30411, 304, 3, 'San Juan de Chacña'),
(30412, 304, 3, 'Sañayca'),
(30413, 304, 3, 'Soraya'),
(30414, 304, 3, 'Tapairihua'),
(30415, 304, 3, 'Tintay'),
(30416, 304, 3, 'Toraya'),
(30417, 304, 3, 'Yanaca'),
(30501, 305, 3, 'Tambobamba'),
(30502, 305, 3, 'Cotabambas'),
(30503, 305, 3, 'Coyllurqui'),
(30504, 305, 3, 'Haquira'),
(30505, 305, 3, 'Mara'),
(30506, 305, 3, 'Challhuahuacho'),
(30601, 306, 3, 'Chincheros'),
(30602, 306, 3, 'Anco_Huallo'),
(30603, 306, 3, 'Cocharcas'),
(30604, 306, 3, 'Huaccana'),
(30605, 306, 3, 'Ocobamba'),
(30606, 306, 3, 'Ongoy'),
(30607, 306, 3, 'Uranmarca'),
(30608, 306, 3, 'Ranracancha'),
(30609, 306, 3, 'Rocchacc'),
(30610, 306, 3, 'El Porvenir'),
(30611, 306, 3, 'Los Chankas'),
(30701, 307, 3, 'Chuquibambilla'),
(30702, 307, 3, 'Curpahuasi'),
(30703, 307, 3, 'Gamarra'),
(30704, 307, 3, 'Huayllati'),
(30705, 307, 3, 'Mamara'),
(30706, 307, 3, 'Micaela Bastidas'),
(30707, 307, 3, 'Pataypampa'),
(30708, 307, 3, 'Progreso'),
(30709, 307, 3, 'San Antonio'),
(30710, 307, 3, 'Santa Rosa'),
(30711, 307, 3, 'Turpay'),
(30712, 307, 3, 'Vilcabamba'),
(30713, 307, 3, 'Virundo'),
(30714, 307, 3, 'Curasco'),
(40101, 401, 4, 'Arequipa'),
(40102, 401, 4, 'Alto Selva Alegre'),
(40103, 401, 4, 'Cayma'),
(40104, 401, 4, 'Cerro Colorado'),
(40105, 401, 4, 'Characato'),
(40106, 401, 4, 'Chiguata'),
(40107, 401, 4, 'Jacobo Hunter'),
(40108, 401, 4, 'La Joya'),
(40109, 401, 4, 'Mariano Melgar'),
(40110, 401, 4, 'Miraflores'),
(40111, 401, 4, 'Mollebaya'),
(40112, 401, 4, 'Paucarpata'),
(40113, 401, 4, 'Pocsi'),
(40114, 401, 4, 'Polobaya'),
(40115, 401, 4, 'Quequeña'),
(40116, 401, 4, 'Sabandia'),
(40117, 401, 4, 'Sachaca'),
(40118, 401, 4, 'San Juan de Siguas'),
(40119, 401, 4, 'San Juan de Tarucani'),
(40120, 401, 4, 'Santa Isabel de Siguas'),
(40121, 401, 4, 'Santa Rita de Siguas'),
(40122, 401, 4, 'Socabaya'),
(40123, 401, 4, 'Tiabaya'),
(40124, 401, 4, 'Uchumayo'),
(40125, 401, 4, 'Vitor'),
(40126, 401, 4, 'Yanahuara'),
(40127, 401, 4, 'Yarabamba'),
(40128, 401, 4, 'Yura'),
(40129, 401, 4, 'José Luis Bustamante Y Rivero'),
(40201, 402, 4, 'Camaná'),
(40202, 402, 4, 'José María Quimper'),
(40203, 402, 4, 'Mariano Nicolás Valcárcel'),
(40204, 402, 4, 'Mariscal Cáceres'),
(40205, 402, 4, 'Nicolás de Pierola'),
(40206, 402, 4, 'Ocoña'),
(40207, 402, 4, 'Quilca'),
(40208, 402, 4, 'Samuel Pastor'),
(40301, 403, 4, 'Caravelí'),
(40302, 403, 4, 'Acarí'),
(40303, 403, 4, 'Atico'),
(40304, 403, 4, 'Atiquipa'),
(40305, 403, 4, 'Bella Unión'),
(40306, 403, 4, 'Cahuacho'),
(40307, 403, 4, 'Chala'),
(40308, 403, 4, 'Chaparra'),
(40309, 403, 4, 'Huanuhuanu'),
(40310, 403, 4, 'Jaqui'),
(40311, 403, 4, 'Lomas'),
(40312, 403, 4, 'Quicacha'),
(40313, 403, 4, 'Yauca'),
(40401, 404, 4, 'Aplao'),
(40402, 404, 4, 'Andagua'),
(40403, 404, 4, 'Ayo'),
(40404, 404, 4, 'Chachas'),
(40405, 404, 4, 'Chilcaymarca'),
(40406, 404, 4, 'Choco'),
(40407, 404, 4, 'Huancarqui'),
(40408, 404, 4, 'Machaguay'),
(40409, 404, 4, 'Orcopampa'),
(40410, 404, 4, 'Pampacolca'),
(40411, 404, 4, 'Tipan'),
(40412, 404, 4, 'Uñon'),
(40413, 404, 4, 'Uraca'),
(40414, 404, 4, 'Viraco'),
(40501, 405, 4, 'Chivay'),
(40502, 405, 4, 'Achoma'),
(40503, 405, 4, 'Cabanaconde'),
(40504, 405, 4, 'Callalli'),
(40505, 405, 4, 'Caylloma'),
(40506, 405, 4, 'Coporaque'),
(40507, 405, 4, 'Huambo'),
(40508, 405, 4, 'Huanca'),
(40509, 405, 4, 'Ichupampa'),
(40510, 405, 4, 'Lari'),
(40511, 405, 4, 'Lluta'),
(40512, 405, 4, 'Maca'),
(40513, 405, 4, 'Madrigal'),
(40514, 405, 4, 'San Antonio de Chuca'),
(40515, 405, 4, 'Sibayo'),
(40516, 405, 4, 'Tapay'),
(40517, 405, 4, 'Tisco'),
(40518, 405, 4, 'Tuti'),
(40519, 405, 4, 'Yanque'),
(40520, 405, 4, 'Majes'),
(40601, 406, 4, 'Chuquibamba'),
(40602, 406, 4, 'Andaray'),
(40603, 406, 4, 'Cayarani'),
(40604, 406, 4, 'Chichas'),
(40605, 406, 4, 'Iray'),
(40606, 406, 4, 'Río Grande'),
(40607, 406, 4, 'Salamanca'),
(40608, 406, 4, 'Yanaquihua'),
(40701, 407, 4, 'Mollendo'),
(40702, 407, 4, 'Cocachacra'),
(40703, 407, 4, 'Dean Valdivia'),
(40704, 407, 4, 'Islay'),
(40705, 407, 4, 'Mejia'),
(40706, 407, 4, 'Punta de Bombón'),
(40801, 408, 4, 'Cotahuasi'),
(40802, 408, 4, 'Alca'),
(40803, 408, 4, 'Charcana'),
(40804, 408, 4, 'Huaynacotas'),
(40805, 408, 4, 'Pampamarca'),
(40806, 408, 4, 'Puyca'),
(40807, 408, 4, 'Quechualla'),
(40808, 408, 4, 'Sayla'),
(40809, 408, 4, 'Tauria'),
(40810, 408, 4, 'Tomepampa'),
(40811, 408, 4, 'Toro'),
(50101, 501, 5, 'Ayacucho'),
(50102, 501, 5, 'Acocro'),
(50103, 501, 5, 'Acos Vinchos'),
(50104, 501, 5, 'Carmen Alto'),
(50105, 501, 5, 'Chiara'),
(50106, 501, 5, 'Ocros'),
(50107, 501, 5, 'Pacaycasa'),
(50108, 501, 5, 'Quinua'),
(50109, 501, 5, 'San José de Ticllas'),
(50110, 501, 5, 'San Juan Bautista'),
(50111, 501, 5, 'Santiago de Pischa'),
(50112, 501, 5, 'Socos'),
(50113, 501, 5, 'Tambillo'),
(50114, 501, 5, 'Vinchos'),
(50115, 501, 5, 'Jesús Nazareno'),
(50116, 501, 5, 'Andrés Avelino Cáceres Dorregaray'),
(50201, 502, 5, 'Cangallo'),
(50202, 502, 5, 'Chuschi'),
(50203, 502, 5, 'Los Morochucos'),
(50204, 502, 5, 'María Parado de Bellido'),
(50205, 502, 5, 'Paras'),
(50206, 502, 5, 'Totos'),
(50301, 503, 5, 'Sancos'),
(50302, 503, 5, 'Carapo'),
(50303, 503, 5, 'Sacsamarca'),
(50304, 503, 5, 'Santiago de Lucanamarca'),
(50401, 504, 5, 'Huanta'),
(50402, 504, 5, 'Ayahuanco'),
(50403, 504, 5, 'Huamanguilla'),
(50404, 504, 5, 'Iguain'),
(50405, 504, 5, 'Luricocha'),
(50406, 504, 5, 'Santillana'),
(50407, 504, 5, 'Sivia'),
(50408, 504, 5, 'Llochegua'),
(50409, 504, 5, 'Canayre'),
(50410, 504, 5, 'Uchuraccay'),
(50411, 504, 5, 'Pucacolpa'),
(50412, 504, 5, 'Chaca'),
(50501, 505, 5, 'San Miguel'),
(50502, 505, 5, 'Anco'),
(50503, 505, 5, 'Ayna'),
(50504, 505, 5, 'Chilcas'),
(50505, 505, 5, 'Chungui'),
(50506, 505, 5, 'Luis Carranza'),
(50507, 505, 5, 'Santa Rosa'),
(50508, 505, 5, 'Tambo'),
(50509, 505, 5, 'Samugari'),
(50510, 505, 5, 'Anchihuay'),
(50511, 505, 5, 'Oronccoy'),
(50601, 506, 5, 'Puquio'),
(50602, 506, 5, 'Aucara'),
(50603, 506, 5, 'Cabana'),
(50604, 506, 5, 'Carmen Salcedo'),
(50605, 506, 5, 'Chaviña'),
(50606, 506, 5, 'Chipao'),
(50607, 506, 5, 'Huac-Huas'),
(50608, 506, 5, 'Laramate'),
(50609, 506, 5, 'Leoncio Prado'),
(50610, 506, 5, 'Llauta'),
(50611, 506, 5, 'Lucanas'),
(50612, 506, 5, 'Ocaña'),
(50613, 506, 5, 'Otoca'),
(50614, 506, 5, 'Saisa'),
(50615, 506, 5, 'San Cristóbal'),
(50616, 506, 5, 'San Juan'),
(50617, 506, 5, 'San Pedro'),
(50618, 506, 5, 'San Pedro de Palco'),
(50619, 506, 5, 'Sancos'),
(50620, 506, 5, 'Santa Ana de Huaycahuacho'),
(50621, 506, 5, 'Santa Lucia'),
(50701, 507, 5, 'Coracora'),
(50702, 507, 5, 'Chumpi'),
(50703, 507, 5, 'Coronel Castañeda'),
(50704, 507, 5, 'Pacapausa'),
(50705, 507, 5, 'Pullo'),
(50706, 507, 5, 'Puyusca'),
(50707, 507, 5, 'San Francisco de Ravacayco'),
(50708, 507, 5, 'Upahuacho'),
(50801, 508, 5, 'Pausa'),
(50802, 508, 5, 'Colta'),
(50803, 508, 5, 'Corculla'),
(50804, 508, 5, 'Lampa'),
(50805, 508, 5, 'Marcabamba'),
(50806, 508, 5, 'Oyolo'),
(50807, 508, 5, 'Pararca'),
(50808, 508, 5, 'San Javier de Alpabamba'),
(50809, 508, 5, 'San José de Ushua'),
(50810, 508, 5, 'Sara Sara'),
(50901, 509, 5, 'Querobamba'),
(50902, 509, 5, 'Belén'),
(50903, 509, 5, 'Chalcos'),
(50904, 509, 5, 'Chilcayoc'),
(50905, 509, 5, 'Huacaña'),
(50906, 509, 5, 'Morcolla'),
(50907, 509, 5, 'Paico'),
(50908, 509, 5, 'San Pedro de Larcay'),
(50909, 509, 5, 'San Salvador de Quije'),
(50910, 509, 5, 'Santiago de Paucaray'),
(50911, 509, 5, 'Soras'),
(51001, 510, 5, 'Huancapi'),
(51002, 510, 5, 'Alcamenca'),
(51003, 510, 5, 'Apongo'),
(51004, 510, 5, 'Asquipata'),
(51005, 510, 5, 'Canaria'),
(51006, 510, 5, 'Cayara'),
(51007, 510, 5, 'Colca'),
(51008, 510, 5, 'Huamanquiquia'),
(51009, 510, 5, 'Huancaraylla'),
(51010, 510, 5, 'Hualla'),
(51011, 510, 5, 'Sarhua'),
(51012, 510, 5, 'Vilcanchos'),
(51101, 511, 5, 'Vilcas Huaman'),
(51102, 511, 5, 'Accomarca'),
(51103, 511, 5, 'Carhuanca'),
(51104, 511, 5, 'Concepción'),
(51105, 511, 5, 'Huambalpa'),
(51106, 511, 5, 'Independencia'),
(51107, 511, 5, 'Saurama'),
(51108, 511, 5, 'Vischongo'),
(60101, 601, 6, 'Cajamarca'),
(60102, 601, 6, 'Asunción'),
(60103, 601, 6, 'Chetilla'),
(60104, 601, 6, 'Cospan'),
(60105, 601, 6, 'Encañada'),
(60106, 601, 6, 'Jesús'),
(60107, 601, 6, 'Llacanora'),
(60108, 601, 6, 'Los Baños del Inca'),
(60109, 601, 6, 'Magdalena'),
(60110, 601, 6, 'Matara'),
(60111, 601, 6, 'Namora'),
(60112, 601, 6, 'San Juan'),
(60201, 602, 6, 'Cajabamba'),
(60202, 602, 6, 'Cachachi'),
(60203, 602, 6, 'Condebamba'),
(60204, 602, 6, 'Sitacocha'),
(60301, 603, 6, 'Celendín'),
(60302, 603, 6, 'Chumuch'),
(60303, 603, 6, 'Cortegana'),
(60304, 603, 6, 'Huasmin'),
(60305, 603, 6, 'Jorge Chávez'),
(60306, 603, 6, 'José Gálvez'),
(60307, 603, 6, 'Miguel Iglesias'),
(60308, 603, 6, 'Oxamarca'),
(60309, 603, 6, 'Sorochuco'),
(60310, 603, 6, 'Sucre'),
(60311, 603, 6, 'Utco'),
(60312, 603, 6, 'La Libertad de Pallan'),
(60401, 604, 6, 'Chota'),
(60402, 604, 6, 'Anguia'),
(60403, 604, 6, 'Chadin'),
(60404, 604, 6, 'Chiguirip'),
(60405, 604, 6, 'Chimban'),
(60406, 604, 6, 'Choropampa'),
(60407, 604, 6, 'Cochabamba'),
(60408, 604, 6, 'Conchan'),
(60409, 604, 6, 'Huambos'),
(60410, 604, 6, 'Lajas'),
(60411, 604, 6, 'Llama'),
(60412, 604, 6, 'Miracosta'),
(60413, 604, 6, 'Paccha'),
(60414, 604, 6, 'Pion'),
(60415, 604, 6, 'Querocoto'),
(60416, 604, 6, 'San Juan de Licupis'),
(60417, 604, 6, 'Tacabamba'),
(60418, 604, 6, 'Tocmoche'),
(60419, 604, 6, 'Chalamarca'),
(60501, 605, 6, 'Contumaza'),
(60502, 605, 6, 'Chilete'),
(60503, 605, 6, 'Cupisnique'),
(60504, 605, 6, 'Guzmango'),
(60505, 605, 6, 'San Benito'),
(60506, 605, 6, 'Santa Cruz de Toledo'),
(60507, 605, 6, 'Tantarica'),
(60508, 605, 6, 'Yonan'),
(60601, 606, 6, 'Cutervo'),
(60602, 606, 6, 'Callayuc'),
(60603, 606, 6, 'Choros'),
(60604, 606, 6, 'Cujillo'),
(60605, 606, 6, 'La Ramada'),
(60606, 606, 6, 'Pimpingos'),
(60607, 606, 6, 'Querocotillo'),
(60608, 606, 6, 'San Andrés de Cutervo'),
(60609, 606, 6, 'San Juan de Cutervo'),
(60610, 606, 6, 'San Luis de Lucma'),
(60611, 606, 6, 'Santa Cruz'),
(60612, 606, 6, 'Santo Domingo de la Capilla'),
(60613, 606, 6, 'Santo Tomas'),
(60614, 606, 6, 'Socota'),
(60615, 606, 6, 'Toribio Casanova'),
(60701, 607, 6, 'Bambamarca'),
(60702, 607, 6, 'Chugur'),
(60703, 607, 6, 'Hualgayoc'),
(60801, 608, 6, 'Jaén'),
(60802, 608, 6, 'Bellavista'),
(60803, 608, 6, 'Chontali'),
(60804, 608, 6, 'Colasay'),
(60805, 608, 6, 'Huabal'),
(60806, 608, 6, 'Las Pirias'),
(60807, 608, 6, 'Pomahuaca'),
(60808, 608, 6, 'Pucara'),
(60809, 608, 6, 'Sallique'),
(60810, 608, 6, 'San Felipe'),
(60811, 608, 6, 'San José del Alto'),
(60812, 608, 6, 'Santa Rosa'),
(60901, 609, 6, 'San Ignacio'),
(60902, 609, 6, 'Chirinos'),
(60903, 609, 6, 'Huarango'),
(60904, 609, 6, 'La Coipa'),
(60905, 609, 6, 'Namballe'),
(60906, 609, 6, 'San José de Lourdes'),
(60907, 609, 6, 'Tabaconas'),
(61001, 610, 6, 'Pedro Gálvez'),
(61002, 610, 6, 'Chancay'),
(61003, 610, 6, 'Eduardo Villanueva'),
(61004, 610, 6, 'Gregorio Pita'),
(61005, 610, 6, 'Ichocan'),
(61006, 610, 6, 'José Manuel Quiroz'),
(61007, 610, 6, 'José Sabogal'),
(61101, 611, 6, 'San Miguel'),
(61102, 611, 6, 'Bolívar'),
(61103, 611, 6, 'Calquis'),
(61104, 611, 6, 'Catilluc'),
(61105, 611, 6, 'El Prado'),
(61106, 611, 6, 'La Florida'),
(61107, 611, 6, 'Llapa'),
(61108, 611, 6, 'Nanchoc'),
(61109, 611, 6, 'Niepos'),
(61110, 611, 6, 'San Gregorio'),
(61111, 611, 6, 'San Silvestre de Cochan'),
(61112, 611, 6, 'Tongod'),
(61113, 611, 6, 'Unión Agua Blanca'),
(61201, 612, 6, 'San Pablo'),
(61202, 612, 6, 'San Bernardino'),
(61203, 612, 6, 'San Luis'),
(61204, 612, 6, 'Tumbaden'),
(61301, 613, 6, 'Santa Cruz'),
(61302, 613, 6, 'Andabamba'),
(61303, 613, 6, 'Catache'),
(61304, 613, 6, 'Chancaybaños'),
(61305, 613, 6, 'La Esperanza'),
(61306, 613, 6, 'Ninabamba'),
(61307, 613, 6, 'Pulan'),
(61308, 613, 6, 'Saucepampa'),
(61309, 613, 6, 'Sexi'),
(61310, 613, 6, 'Uticyacu'),
(61311, 613, 6, 'Yauyucan'),
(70101, 701, 7, 'Callao'),
(70102, 701, 7, 'Bellavista'),
(70103, 701, 7, 'Carmen de la Legua Reynoso'),
(70104, 701, 7, 'La Perla'),
(70105, 701, 7, 'La Punta'),
(70106, 701, 7, 'Ventanilla'),
(70107, 701, 7, 'Mi Perú'),
(80101, 801, 8, 'Cusco'),
(80102, 801, 8, 'Ccorca'),
(80103, 801, 8, 'Poroy'),
(80104, 801, 8, 'San Jerónimo'),
(80105, 801, 8, 'San Sebastian'),
(80106, 801, 8, 'Santiago'),
(80107, 801, 8, 'Saylla'),
(80108, 801, 8, 'Wanchaq'),
(80201, 802, 8, 'Acomayo'),
(80202, 802, 8, 'Acopia'),
(80203, 802, 8, 'Acos'),
(80204, 802, 8, 'Mosoc Llacta'),
(80205, 802, 8, 'Pomacanchi'),
(80206, 802, 8, 'Rondocan'),
(80207, 802, 8, 'Sangarara'),
(80301, 803, 8, 'Anta'),
(80302, 803, 8, 'Ancahuasi'),
(80303, 803, 8, 'Cachimayo'),
(80304, 803, 8, 'Chinchaypujio'),
(80305, 803, 8, 'Huarocondo'),
(80306, 803, 8, 'Limatambo'),
(80307, 803, 8, 'Mollepata'),
(80308, 803, 8, 'Pucyura'),
(80309, 803, 8, 'Zurite'),
(80401, 804, 8, 'Calca'),
(80402, 804, 8, 'Coya'),
(80403, 804, 8, 'Lamay'),
(80404, 804, 8, 'Lares'),
(80405, 804, 8, 'Pisac'),
(80406, 804, 8, 'San Salvador'),
(80407, 804, 8, 'Taray'),
(80408, 804, 8, 'Yanatile'),
(80501, 805, 8, 'Yanaoca'),
(80502, 805, 8, 'Checca'),
(80503, 805, 8, 'Kunturkanki'),
(80504, 805, 8, 'Langui'),
(80505, 805, 8, 'Layo'),
(80506, 805, 8, 'Pampamarca'),
(80507, 805, 8, 'Quehue'),
(80508, 805, 8, 'Tupac Amaru'),
(80601, 806, 8, 'Sicuani'),
(80602, 806, 8, 'Checacupe'),
(80603, 806, 8, 'Combapata'),
(80604, 806, 8, 'Marangani'),
(80605, 806, 8, 'Pitumarca'),
(80606, 806, 8, 'San Pablo'),
(80607, 806, 8, 'San Pedro'),
(80608, 806, 8, 'Tinta'),
(80701, 807, 8, 'Santo Tomas'),
(80702, 807, 8, 'Capacmarca'),
(80703, 807, 8, 'Chamaca'),
(80704, 807, 8, 'Colquemarca'),
(80705, 807, 8, 'Livitaca'),
(80706, 807, 8, 'Llusco'),
(80707, 807, 8, 'Quiñota'),
(80708, 807, 8, 'Velille'),
(80801, 808, 8, 'Espinar'),
(80802, 808, 8, 'Condoroma'),
(80803, 808, 8, 'Coporaque'),
(80804, 808, 8, 'Ocoruro'),
(80805, 808, 8, 'Pallpata'),
(80806, 808, 8, 'Pichigua'),
(80807, 808, 8, 'Suyckutambo'),
(80808, 808, 8, 'Alto Pichigua'),
(80901, 809, 8, 'Santa Ana'),
(80902, 809, 8, 'Echarate'),
(80903, 809, 8, 'Huayopata'),
(80904, 809, 8, 'Maranura'),
(80905, 809, 8, 'Ocobamba'),
(80906, 809, 8, 'Quellouno'),
(80907, 809, 8, 'Kimbiri'),
(80908, 809, 8, 'Santa Teresa'),
(80909, 809, 8, 'Vilcabamba'),
(80910, 809, 8, 'Pichari'),
(80911, 809, 8, 'Inkawasi'),
(80912, 809, 8, 'Villa Virgen'),
(80913, 809, 8, 'Villa Kintiarina'),
(80914, 809, 8, 'Megantoni'),
(81001, 810, 8, 'Paruro'),
(81002, 810, 8, 'Accha'),
(81003, 810, 8, 'Ccapi'),
(81004, 810, 8, 'Colcha'),
(81005, 810, 8, 'Huanoquite'),
(81006, 810, 8, 'Omachaç'),
(81007, 810, 8, 'Paccaritambo'),
(81008, 810, 8, 'Pillpinto'),
(81009, 810, 8, 'Yaurisque'),
(81101, 811, 8, 'Paucartambo'),
(81102, 811, 8, 'Caicay'),
(81103, 811, 8, 'Challabamba'),
(81104, 811, 8, 'Colquepata'),
(81105, 811, 8, 'Huancarani'),
(81106, 811, 8, 'Kosñipata'),
(81201, 812, 8, 'Urcos'),
(81202, 812, 8, 'Andahuaylillas'),
(81203, 812, 8, 'Camanti'),
(81204, 812, 8, 'Ccarhuayo'),
(81205, 812, 8, 'Ccatca'),
(81206, 812, 8, 'Cusipata'),
(81207, 812, 8, 'Huaro'),
(81208, 812, 8, 'Lucre'),
(81209, 812, 8, 'Marcapata'),
(81210, 812, 8, 'Ocongate'),
(81211, 812, 8, 'Oropesa'),
(81212, 812, 8, 'Quiquijana'),
(81301, 813, 8, 'Urubamba'),
(81302, 813, 8, 'Chinchero'),
(81303, 813, 8, 'Huayllabamba'),
(81304, 813, 8, 'Machupicchu'),
(81305, 813, 8, 'Maras'),
(81306, 813, 8, 'Ollantaytambo'),
(81307, 813, 8, 'Yucay'),
(90101, 901, 9, 'Huancavelica'),
(90102, 901, 9, 'Acobambilla'),
(90103, 901, 9, 'Acoria'),
(90104, 901, 9, 'Conayca'),
(90105, 901, 9, 'Cuenca'),
(90106, 901, 9, 'Huachocolpa'),
(90107, 901, 9, 'Huayllahuara'),
(90108, 901, 9, 'Izcuchaca'),
(90109, 901, 9, 'Laria'),
(90110, 901, 9, 'Manta'),
(90111, 901, 9, 'Mariscal Cáceres'),
(90112, 901, 9, 'Moya'),
(90113, 901, 9, 'Nuevo Occoro'),
(90114, 901, 9, 'Palca'),
(90115, 901, 9, 'Pilchaca'),
(90116, 901, 9, 'Vilca'),
(90117, 901, 9, 'Yauli'),
(90118, 901, 9, 'Ascensión'),
(90119, 901, 9, 'Huando'),
(90201, 902, 9, 'Acobamba'),
(90202, 902, 9, 'Andabamba'),
(90203, 902, 9, 'Anta'),
(90204, 902, 9, 'Caja'),
(90205, 902, 9, 'Marcas'),
(90206, 902, 9, 'Paucara'),
(90207, 902, 9, 'Pomacocha'),
(90208, 902, 9, 'Rosario'),
(90301, 903, 9, 'Lircay'),
(90302, 903, 9, 'Anchonga'),
(90303, 903, 9, 'Callanmarca'),
(90304, 903, 9, 'Ccochaccasa'),
(90305, 903, 9, 'Chincho'),
(90306, 903, 9, 'Congalla'),
(90307, 903, 9, 'Huanca-Huanca'),
(90308, 903, 9, 'Huayllay Grande'),
(90309, 903, 9, 'Julcamarca'),
(90310, 903, 9, 'San Antonio de Antaparco'),
(90311, 903, 9, 'Santo Tomas de Pata'),
(90312, 903, 9, 'Secclla'),
(90401, 904, 9, 'Castrovirreyna'),
(90402, 904, 9, 'Arma'),
(90403, 904, 9, 'Aurahua'),
(90404, 904, 9, 'Capillas'),
(90405, 904, 9, 'Chupamarca'),
(90406, 904, 9, 'Cocas'),
(90407, 904, 9, 'Huachos'),
(90408, 904, 9, 'Huamatambo'),
(90409, 904, 9, 'Mollepampa'),
(90410, 904, 9, 'San Juan'),
(90411, 904, 9, 'Santa Ana'),
(90412, 904, 9, 'Tantara'),
(90413, 904, 9, 'Ticrapo'),
(90501, 905, 9, 'Churcampa'),
(90502, 905, 9, 'Anco'),
(90503, 905, 9, 'Chinchihuasi'),
(90504, 905, 9, 'El Carmen'),
(90505, 905, 9, 'La Merced'),
(90506, 905, 9, 'Locroja'),
(90507, 905, 9, 'Paucarbamba'),
(90508, 905, 9, 'San Miguel de Mayocc'),
(90509, 905, 9, 'San Pedro de Coris'),
(90510, 905, 9, 'Pachamarca'),
(90511, 905, 9, 'Cosme'),
(90601, 906, 9, 'Huaytara'),
(90602, 906, 9, 'Ayavi'),
(90603, 906, 9, 'Córdova'),
(90604, 906, 9, 'Huayacundo Arma'),
(90605, 906, 9, 'Laramarca'),
(90606, 906, 9, 'Ocoyo'),
(90607, 906, 9, 'Pilpichaca'),
(90608, 906, 9, 'Querco'),
(90609, 906, 9, 'Quito-Arma'),
(90610, 906, 9, 'San Antonio de Cusicancha'),
(90611, 906, 9, 'San Francisco de Sangayaico'),
(90612, 906, 9, 'San Isidro'),
(90613, 906, 9, 'Santiago de Chocorvos'),
(90614, 906, 9, 'Santiago de Quirahuara'),
(90615, 906, 9, 'Santo Domingo de Capillas'),
(90616, 906, 9, 'Tambo'),
(90701, 907, 9, 'Pampas'),
(90702, 907, 9, 'Acostambo'),
(90703, 907, 9, 'Acraquia'),
(90704, 907, 9, 'Ahuaycha'),
(90705, 907, 9, 'Colcabamba'),
(90706, 907, 9, 'Daniel Hernández'),
(90707, 907, 9, 'Huachocolpa'),
(90709, 907, 9, 'Huaribamba'),
(90710, 907, 9, 'Ñahuimpuquio'),
(90711, 907, 9, 'Pazos'),
(90713, 907, 9, 'Quishuar'),
(90714, 907, 9, 'Salcabamba'),
(90715, 907, 9, 'Salcahuasi'),
(90716, 907, 9, 'San Marcos de Rocchac'),
(90717, 907, 9, 'Surcubamba'),
(90718, 907, 9, 'Tintay Puncu'),
(90719, 907, 9, 'Quichuas'),
(90720, 907, 9, 'Andaymarca'),
(90721, 907, 9, 'Roble'),
(90722, 907, 9, 'Pichos'),
(90723, 907, 9, 'Santiago de Tucuma'),
(100101, 1001, 10, 'Huanuco'),
(100102, 1001, 10, 'Amarilis'),
(100103, 1001, 10, 'Chinchao'),
(100104, 1001, 10, 'Churubamba'),
(100105, 1001, 10, 'Margos'),
(100106, 1001, 10, 'Quisqui (Kichki)'),
(100107, 1001, 10, 'San Francisco de Cayran'),
(100108, 1001, 10, 'San Pedro de Chaulan'),
(100109, 1001, 10, 'Santa María del Valle'),
(100110, 1001, 10, 'Yarumayo'),
(100111, 1001, 10, 'Pillco Marca'),
(100112, 1001, 10, 'Yacus'),
(100113, 1001, 10, 'San Pablo de Pillao'),
(100201, 1002, 10, 'Ambo'),
(100202, 1002, 10, 'Cayna'),
(100203, 1002, 10, 'Colpas'),
(100204, 1002, 10, 'Conchamarca'),
(100205, 1002, 10, 'Huacar'),
(100206, 1002, 10, 'San Francisco'),
(100207, 1002, 10, 'San Rafael'),
(100208, 1002, 10, 'Tomay Kichwa'),
(100301, 1003, 10, 'La Unión'),
(100307, 1003, 10, 'Chuquis'),
(100311, 1003, 10, 'Marías'),
(100313, 1003, 10, 'Pachas'),
(100316, 1003, 10, 'Quivilla'),
(100317, 1003, 10, 'Ripan'),
(100321, 1003, 10, 'Shunqui'),
(100322, 1003, 10, 'Sillapata'),
(100323, 1003, 10, 'Yanas'),
(100401, 1004, 10, 'Huacaybamba'),
(100402, 1004, 10, 'Canchabamba'),
(100403, 1004, 10, 'Cochabamba'),
(100404, 1004, 10, 'Pinra'),
(100501, 1005, 10, 'Llata'),
(100502, 1005, 10, 'Arancay'),
(100503, 1005, 10, 'Chavín de Pariarca'),
(100504, 1005, 10, 'Jacas Grande'),
(100505, 1005, 10, 'Jircan'),
(100506, 1005, 10, 'Miraflores'),
(100507, 1005, 10, 'Monzón'),
(100508, 1005, 10, 'Punchao'),
(100509, 1005, 10, 'Puños'),
(100510, 1005, 10, 'Singa'),
(100511, 1005, 10, 'Tantamayo'),
(100601, 1006, 10, 'Rupa-Rupa'),
(100602, 1006, 10, 'Daniel Alomía Robles'),
(100603, 1006, 10, 'Hermílio Valdizan'),
(100604, 1006, 10, 'José Crespo y Castillo'),
(100605, 1006, 10, 'Luyando'),
(100606, 1006, 10, 'Mariano Damaso Beraun'),
(100607, 1006, 10, 'Pucayacu'),
(100608, 1006, 10, 'Castillo Grande'),
(100609, 1006, 10, 'Pueblo Nuevo'),
(100610, 1006, 10, 'Santo Domingo de Anda'),
(100701, 1007, 10, 'Huacrachuco'),
(100702, 1007, 10, 'Cholon'),
(100703, 1007, 10, 'San Buenaventura'),
(100704, 1007, 10, 'La Morada'),
(100705, 1007, 10, 'Santa Rosa de Alto Yanajanca'),
(100801, 1008, 10, 'Panao'),
(100802, 1008, 10, 'Chaglla'),
(100803, 1008, 10, 'Molino'),
(100804, 1008, 10, 'Umari'),
(100901, 1009, 10, 'Puerto Inca'),
(100902, 1009, 10, 'Codo del Pozuzo'),
(100903, 1009, 10, 'Honoria'),
(100904, 1009, 10, 'Tournavista'),
(100905, 1009, 10, 'Yuyapichis'),
(101001, 1010, 10, 'Jesús'),
(101002, 1010, 10, 'Baños'),
(101003, 1010, 10, 'Jivia'),
(101004, 1010, 10, 'Queropalca'),
(101005, 1010, 10, 'Rondos'),
(101006, 1010, 10, 'San Francisco de Asís'),
(101007, 1010, 10, 'San Miguel de Cauri'),
(101101, 1011, 10, 'Chavinillo'),
(101102, 1011, 10, 'Cahuac'),
(101103, 1011, 10, 'Chacabamba'),
(101104, 1011, 10, 'Aparicio Pomares'),
(101105, 1011, 10, 'Jacas Chico'),
(101106, 1011, 10, 'Obas'),
(101107, 1011, 10, 'Pampamarca'),
(101108, 1011, 10, 'Choras'),
(110101, 1101, 11, 'Ica'),
(110102, 1101, 11, 'La Tinguiña'),
(110103, 1101, 11, 'Los Aquijes'),
(110104, 1101, 11, 'Ocucaje'),
(110105, 1101, 11, 'Pachacutec'),
(110106, 1101, 11, 'Parcona'),
(110107, 1101, 11, 'Pueblo Nuevo'),
(110108, 1101, 11, 'Salas'),
(110109, 1101, 11, 'San José de Los Molinos'),
(110110, 1101, 11, 'San Juan Bautista'),
(110111, 1101, 11, 'Santiago'),
(110112, 1101, 11, 'Subtanjalla'),
(110113, 1101, 11, 'Tate'),
(110114, 1101, 11, 'Yauca del Rosario'),
(110201, 1102, 11, 'Chincha Alta'),
(110202, 1102, 11, 'Alto Laran'),
(110203, 1102, 11, 'Chavin'),
(110204, 1102, 11, 'Chincha Baja'),
(110205, 1102, 11, 'El Carmen'),
(110206, 1102, 11, 'Grocio Prado'),
(110207, 1102, 11, 'Pueblo Nuevo'),
(110208, 1102, 11, 'San Juan de Yanac'),
(110209, 1102, 11, 'San Pedro de Huacarpana'),
(110210, 1102, 11, 'Sunampe'),
(110211, 1102, 11, 'Tambo de Mora'),
(110301, 1103, 11, 'Nasca'),
(110302, 1103, 11, 'Changuillo'),
(110303, 1103, 11, 'El Ingenio'),
(110304, 1103, 11, 'Marcona'),
(110305, 1103, 11, 'Vista Alegre'),
(110401, 1104, 11, 'Palpa'),
(110402, 1104, 11, 'Llipata'),
(110403, 1104, 11, 'Río Grande'),
(110404, 1104, 11, 'Santa Cruz'),
(110405, 1104, 11, 'Tibillo'),
(110501, 1105, 11, 'Pisco'),
(110502, 1105, 11, 'Huancano'),
(110503, 1105, 11, 'Humay'),
(110504, 1105, 11, 'Independencia'),
(110505, 1105, 11, 'Paracas'),
(110506, 1105, 11, 'San Andrés'),
(110507, 1105, 11, 'San Clemente'),
(110508, 1105, 11, 'Tupac Amaru Inca'),
(120101, 1201, 12, 'Huancayo'),
(120104, 1201, 12, 'Carhuacallanga'),
(120105, 1201, 12, 'Chacapampa'),
(120106, 1201, 12, 'Chicche'),
(120107, 1201, 12, 'Chilca'),
(120108, 1201, 12, 'Chongos Alto'),
(120111, 1201, 12, 'Chupuro'),
(120112, 1201, 12, 'Colca'),
(120113, 1201, 12, 'Cullhuas'),
(120114, 1201, 12, 'El Tambo'),
(120116, 1201, 12, 'Huacrapuquio'),
(120117, 1201, 12, 'Hualhuas'),
(120119, 1201, 12, 'Huancan'),
(120120, 1201, 12, 'Huasicancha'),
(120121, 1201, 12, 'Huayucachi'),
(120122, 1201, 12, 'Ingenio'),
(120124, 1201, 12, 'Pariahuanca'),
(120125, 1201, 12, 'Pilcomayo'),
(120126, 1201, 12, 'Pucara'),
(120127, 1201, 12, 'Quichuay'),
(120128, 1201, 12, 'Quilcas'),
(120129, 1201, 12, 'San Agustín'),
(120130, 1201, 12, 'San Jerónimo de Tunan'),
(120132, 1201, 12, 'Saño'),
(120133, 1201, 12, 'Sapallanga'),
(120134, 1201, 12, 'Sicaya'),
(120135, 1201, 12, 'Santo Domingo de Acobamba'),
(120136, 1201, 12, 'Viques'),
(120201, 1202, 12, 'Concepción'),
(120202, 1202, 12, 'Aco'),
(120203, 1202, 12, 'Andamarca'),
(120204, 1202, 12, 'Chambara'),
(120205, 1202, 12, 'Cochas'),
(120206, 1202, 12, 'Comas'),
(120207, 1202, 12, 'Heroínas Toledo'),
(120208, 1202, 12, 'Manzanares'),
(120209, 1202, 12, 'Mariscal Castilla'),
(120210, 1202, 12, 'Matahuasi'),
(120211, 1202, 12, 'Mito'),
(120212, 1202, 12, 'Nueve de Julio'),
(120213, 1202, 12, 'Orcotuna'),
(120214, 1202, 12, 'San José de Quero'),
(120215, 1202, 12, 'Santa Rosa de Ocopa'),
(120301, 1203, 12, 'Chanchamayo'),
(120302, 1203, 12, 'Perene'),
(120303, 1203, 12, 'Pichanaqui'),
(120304, 1203, 12, 'San Luis de Shuaro'),
(120305, 1203, 12, 'San Ramón'),
(120306, 1203, 12, 'Vitoc'),
(120401, 1204, 12, 'Jauja'),
(120402, 1204, 12, 'Acolla'),
(120403, 1204, 12, 'Apata'),
(120404, 1204, 12, 'Ataura'),
(120405, 1204, 12, 'Canchayllo'),
(120406, 1204, 12, 'Curicaca'),
(120407, 1204, 12, 'El Mantaro'),
(120408, 1204, 12, 'Huamali'),
(120409, 1204, 12, 'Huaripampa'),
(120410, 1204, 12, 'Huertas'),
(120411, 1204, 12, 'Janjaillo'),
(120412, 1204, 12, 'Julcán'),
(120413, 1204, 12, 'Leonor Ordóñez'),
(120414, 1204, 12, 'Llocllapampa'),
(120415, 1204, 12, 'Marco'),
(120416, 1204, 12, 'Masma'),
(120417, 1204, 12, 'Masma Chicche'),
(120418, 1204, 12, 'Molinos'),
(120419, 1204, 12, 'Monobamba'),
(120420, 1204, 12, 'Muqui'),
(120421, 1204, 12, 'Muquiyauyo'),
(120422, 1204, 12, 'Paca'),
(120423, 1204, 12, 'Paccha'),
(120424, 1204, 12, 'Pancan'),
(120425, 1204, 12, 'Parco'),
(120426, 1204, 12, 'Pomacancha'),
(120427, 1204, 12, 'Ricran'),
(120428, 1204, 12, 'San Lorenzo'),
(120429, 1204, 12, 'San Pedro de Chunan'),
(120430, 1204, 12, 'Sausa'),
(120431, 1204, 12, 'Sincos'),
(120432, 1204, 12, 'Tunan Marca'),
(120433, 1204, 12, 'Yauli'),
(120434, 1204, 12, 'Yauyos'),
(120501, 1205, 12, 'Junin'),
(120502, 1205, 12, 'Carhuamayo'),
(120503, 1205, 12, 'Ondores'),
(120504, 1205, 12, 'Ulcumayo'),
(120601, 1206, 12, 'Satipo'),
(120602, 1206, 12, 'Coviriali'),
(120603, 1206, 12, 'Llaylla'),
(120604, 1206, 12, 'Mazamari'),
(120605, 1206, 12, 'Pampa Hermosa'),
(120606, 1206, 12, 'Pangoa'),
(120607, 1206, 12, 'Río Negro'),
(120608, 1206, 12, 'Río Tambo'),
(120609, 1206, 12, 'Vizcatan del Ene'),
(120701, 1207, 12, 'Tarma'),
(120702, 1207, 12, 'Acobamba'),
(120703, 1207, 12, 'Huaricolca'),
(120704, 1207, 12, 'Huasahuasi'),
(120705, 1207, 12, 'La Unión'),
(120706, 1207, 12, 'Palca'),
(120707, 1207, 12, 'Palcamayo'),
(120708, 1207, 12, 'San Pedro de Cajas'),
(120709, 1207, 12, 'Tapo'),
(120801, 1208, 12, 'La Oroya'),
(120802, 1208, 12, 'Chacapalpa'),
(120803, 1208, 12, 'Huay-Huay'),
(120804, 1208, 12, 'Marcapomacocha'),
(120805, 1208, 12, 'Morococha'),
(120806, 1208, 12, 'Paccha'),
(120807, 1208, 12, 'Santa Bárbara de Carhuacayan'),
(120808, 1208, 12, 'Santa Rosa de Sacco'),
(120809, 1208, 12, 'Suitucancha'),
(120810, 1208, 12, 'Yauli'),
(120901, 1209, 12, 'Chupaca'),
(120902, 1209, 12, 'Ahuac'),
(120903, 1209, 12, 'Chongos Bajo'),
(120904, 1209, 12, 'Huachac'),
(120905, 1209, 12, 'Huamancaca Chico'),
(120906, 1209, 12, 'San Juan de Iscos'),
(120907, 1209, 12, 'San Juan de Jarpa'),
(120908, 1209, 12, 'Tres de Diciembre'),
(120909, 1209, 12, 'Yanacancha'),
(130101, 1301, 13, 'Trujillo'),
(130102, 1301, 13, 'El Porvenir'),
(130103, 1301, 13, 'Florencia de Mora'),
(130104, 1301, 13, 'Huanchaco'),
(130105, 1301, 13, 'La Esperanza'),
(130106, 1301, 13, 'Laredo'),
(130107, 1301, 13, 'Moche'),
(130108, 1301, 13, 'Poroto'),
(130109, 1301, 13, 'Salaverry'),
(130110, 1301, 13, 'Simbal'),
(130111, 1301, 13, 'Victor Larco Herrera'),
(130201, 1302, 13, 'Ascope'),
(130202, 1302, 13, 'Chicama'),
(130203, 1302, 13, 'Chocope'),
(130204, 1302, 13, 'Magdalena de Cao'),
(130205, 1302, 13, 'Paijan'),
(130206, 1302, 13, 'Rázuri'),
(130207, 1302, 13, 'Santiago de Cao'),
(130208, 1302, 13, 'Casa Grande'),
(130301, 1303, 13, 'Bolívar'),
(130302, 1303, 13, 'Bambamarca'),
(130303, 1303, 13, 'Condormarca'),
(130304, 1303, 13, 'Longotea'),
(130305, 1303, 13, 'Uchumarca'),
(130306, 1303, 13, 'Ucuncha'),
(130401, 1304, 13, 'Chepen'),
(130402, 1304, 13, 'Pacanga'),
(130403, 1304, 13, 'Pueblo Nuevo'),
(130501, 1305, 13, 'Julcan'),
(130502, 1305, 13, 'Calamarca'),
(130503, 1305, 13, 'Carabamba'),
(130504, 1305, 13, 'Huaso'),
(130601, 1306, 13, 'Otuzco'),
(130602, 1306, 13, 'Agallpampa'),
(130604, 1306, 13, 'Charat'),
(130605, 1306, 13, 'Huaranchal'),
(130606, 1306, 13, 'La Cuesta'),
(130608, 1306, 13, 'Mache'),
(130610, 1306, 13, 'Paranday'),
(130611, 1306, 13, 'Salpo'),
(130613, 1306, 13, 'Sinsicap'),
(130614, 1306, 13, 'Usquil'),
(130701, 1307, 13, 'San Pedro de Lloc'),
(130702, 1307, 13, 'Guadalupe'),
(130703, 1307, 13, 'Jequetepeque'),
(130704, 1307, 13, 'Pacasmayo'),
(130705, 1307, 13, 'San José'),
(130801, 1308, 13, 'Tayabamba'),
(130802, 1308, 13, 'Buldibuyo'),
(130803, 1308, 13, 'Chillia'),
(130804, 1308, 13, 'Huancaspata'),
(130805, 1308, 13, 'Huaylillas'),
(130806, 1308, 13, 'Huayo'),
(130807, 1308, 13, 'Ongon'),
(130808, 1308, 13, 'Parcoy'),
(130809, 1308, 13, 'Pataz'),
(130810, 1308, 13, 'Pias'),
(130811, 1308, 13, 'Santiago de Challas'),
(130812, 1308, 13, 'Taurija'),
(130813, 1308, 13, 'Urpay'),
(130901, 1309, 13, 'Huamachuco'),
(130902, 1309, 13, 'Chugay'),
(130903, 1309, 13, 'Cochorco'),
(130904, 1309, 13, 'Curgos'),
(130905, 1309, 13, 'Marcabal'),
(130906, 1309, 13, 'Sanagoran'),
(130907, 1309, 13, 'Sarin'),
(130908, 1309, 13, 'Sartimbamba'),
(131001, 1310, 13, 'Santiago de Chuco'),
(131002, 1310, 13, 'Angasmarca'),
(131003, 1310, 13, 'Cachicadan'),
(131004, 1310, 13, 'Mollebamba'),
(131005, 1310, 13, 'Mollepata'),
(131006, 1310, 13, 'Quiruvilca'),
(131007, 1310, 13, 'Santa Cruz de Chuca'),
(131008, 1310, 13, 'Sitabamba'),
(131101, 1311, 13, 'Cascas'),
(131102, 1311, 13, 'Lucma'),
(131103, 1311, 13, 'Marmot'),
(131104, 1311, 13, 'Sayapullo'),
(131201, 1312, 13, 'Viru'),
(131202, 1312, 13, 'Chao'),
(131203, 1312, 13, 'Guadalupito'),
(140101, 1401, 14, 'Chiclayo'),
(140102, 1401, 14, 'Chongoyape'),
(140103, 1401, 14, 'Eten'),
(140104, 1401, 14, 'Eten Puerto'),
(140105, 1401, 14, 'José Leonardo Ortiz'),
(140106, 1401, 14, 'La Victoria'),
(140107, 1401, 14, 'Lagunas'),
(140108, 1401, 14, 'Monsefu'),
(140109, 1401, 14, 'Nueva Arica'),
(140110, 1401, 14, 'Oyotun'),
(140111, 1401, 14, 'Picsi'),
(140112, 1401, 14, 'Pimentel'),
(140113, 1401, 14, 'Reque'),
(140114, 1401, 14, 'Santa Rosa'),
(140115, 1401, 14, 'Saña'),
(140116, 1401, 14, 'Cayalti'),
(140117, 1401, 14, 'Patapo'),
(140118, 1401, 14, 'Pomalca'),
(140119, 1401, 14, 'Pucala'),
(140120, 1401, 14, 'Tuman'),
(140201, 1402, 14, 'Ferreñafe'),
(140202, 1402, 14, 'Cañaris'),
(140203, 1402, 14, 'Incahuasi'),
(140204, 1402, 14, 'Manuel Antonio Mesones Muro'),
(140205, 1402, 14, 'Pitipo'),
(140206, 1402, 14, 'Pueblo Nuevo'),
(140301, 1403, 14, 'Lambayeque'),
(140302, 1403, 14, 'Chochope'),
(140303, 1403, 14, 'Illimo'),
(140304, 1403, 14, 'Jayanca'),
(140305, 1403, 14, 'Mochumi'),
(140306, 1403, 14, 'Morrope'),
(140307, 1403, 14, 'Motupe'),
(140308, 1403, 14, 'Olmos'),
(140309, 1403, 14, 'Pacora'),
(140310, 1403, 14, 'Salas'),
(140311, 1403, 14, 'San José'),
(140312, 1403, 14, 'Tucume'),
(150101, 1501, 15, 'Lima'),
(150102, 1501, 15, 'Ancón'),
(150103, 1501, 15, 'Ate'),
(150104, 1501, 15, 'Barranco'),
(150105, 1501, 15, 'Breña'),
(150106, 1501, 15, 'Carabayllo'),
(150107, 1501, 15, 'Chaclacayo'),
(150108, 1501, 15, 'Chorrillos'),
(150109, 1501, 15, 'Cieneguilla'),
(150110, 1501, 15, 'Comas'),
(150111, 1501, 15, 'El Agustino'),
(150112, 1501, 15, 'Independencia'),
(150113, 1501, 15, 'Jesús María'),
(150114, 1501, 15, 'La Molina'),
(150115, 1501, 15, 'La Victoria'),
(150116, 1501, 15, 'Lince'),
(150117, 1501, 15, 'Los Olivos'),
(150118, 1501, 15, 'Lurigancho'),
(150119, 1501, 15, 'Lurin'),
(150120, 1501, 15, 'Magdalena del Mar'),
(150121, 1501, 15, 'Pueblo Libre'),
(150122, 1501, 15, 'Miraflores'),
(150123, 1501, 15, 'Pachacamac'),
(150124, 1501, 15, 'Pucusana'),
(150125, 1501, 15, 'Puente Piedra'),
(150126, 1501, 15, 'Punta Hermosa'),
(150127, 1501, 15, 'Punta Negra'),
(150128, 1501, 15, 'Rímac'),
(150129, 1501, 15, 'San Bartolo'),
(150130, 1501, 15, 'San Borja'),
(150131, 1501, 15, 'San Isidro'),
(150132, 1501, 15, 'San Juan de Lurigancho'),
(150133, 1501, 15, 'San Juan de Miraflores'),
(150134, 1501, 15, 'San Luis'),
(150135, 1501, 15, 'San Martín de Porres'),
(150136, 1501, 15, 'San Miguel'),
(150137, 1501, 15, 'Santa Anita'),
(150138, 1501, 15, 'Santa María del Mar'),
(150139, 1501, 15, 'Santa Rosa'),
(150140, 1501, 15, 'Santiago de Surco'),
(150141, 1501, 15, 'Surquillo'),
(150142, 1501, 15, 'Villa El Salvador'),
(150143, 1501, 15, 'Villa María del Triunfo'),
(150201, 1502, 15, 'Barranca'),
(150202, 1502, 15, 'Paramonga'),
(150203, 1502, 15, 'Pativilca'),
(150204, 1502, 15, 'Supe'),
(150205, 1502, 15, 'Supe Puerto'),
(150301, 1503, 15, 'Cajatambo'),
(150302, 1503, 15, 'Copa'),
(150303, 1503, 15, 'Gorgor'),
(150304, 1503, 15, 'Huancapon'),
(150305, 1503, 15, 'Manas'),
(150401, 1504, 15, 'Canta'),
(150402, 1504, 15, 'Arahuay'),
(150403, 1504, 15, 'Huamantanga'),
(150404, 1504, 15, 'Huaros'),
(150405, 1504, 15, 'Lachaqui'),
(150406, 1504, 15, 'San Buenaventura'),
(150407, 1504, 15, 'Santa Rosa de Quives'),
(150501, 1505, 15, 'San Vicente de Cañete'),
(150502, 1505, 15, 'Asia'),
(150503, 1505, 15, 'Calango'),
(150504, 1505, 15, 'Cerro Azul'),
(150505, 1505, 15, 'Chilca'),
(150506, 1505, 15, 'Coayllo'),
(150507, 1505, 15, 'Imperial'),
(150508, 1505, 15, 'Lunahuana'),
(150509, 1505, 15, 'Mala'),
(150510, 1505, 15, 'Nuevo Imperial'),
(150511, 1505, 15, 'Pacaran'),
(150512, 1505, 15, 'Quilmana'),
(150513, 1505, 15, 'San Antonio'),
(150514, 1505, 15, 'San Luis'),
(150515, 1505, 15, 'Santa Cruz de Flores'),
(150516, 1505, 15, 'Zúñiga'),
(150601, 1506, 15, 'Huaral'),
(150602, 1506, 15, 'Atavillos Alto'),
(150603, 1506, 15, 'Atavillos Bajo'),
(150604, 1506, 15, 'Aucallama'),
(150605, 1506, 15, 'Chancay'),
(150606, 1506, 15, 'Ihuari'),
(150607, 1506, 15, 'Lampian'),
(150608, 1506, 15, 'Pacaraos'),
(150609, 1506, 15, 'San Miguel de Acos'),
(150610, 1506, 15, 'Santa Cruz de Andamarca'),
(150611, 1506, 15, 'Sumbilca'),
(150612, 1506, 15, 'Veintisiete de Noviembre'),
(150701, 1507, 15, 'Matucana'),
(150702, 1507, 15, 'Antioquia'),
(150703, 1507, 15, 'Callahuanca'),
(150704, 1507, 15, 'Carampoma'),
(150705, 1507, 15, 'Chicla'),
(150706, 1507, 15, 'Cuenca'),
(150707, 1507, 15, 'Huachupampa'),
(150708, 1507, 15, 'Huanza'),
(150709, 1507, 15, 'Huarochiri'),
(150710, 1507, 15, 'Lahuaytambo'),
(150711, 1507, 15, 'Langa'),
(150712, 1507, 15, 'Laraos'),
(150713, 1507, 15, 'Mariatana'),
(150714, 1507, 15, 'Ricardo Palma'),
(150715, 1507, 15, 'San Andrés de Tupicocha'),
(150716, 1507, 15, 'San Antonio'),
(150717, 1507, 15, 'San Bartolomé'),
(150718, 1507, 15, 'San Damian'),
(150719, 1507, 15, 'San Juan de Iris'),
(150720, 1507, 15, 'San Juan de Tantaranche'),
(150721, 1507, 15, 'San Lorenzo de Quinti'),
(150722, 1507, 15, 'San Mateo'),
(150723, 1507, 15, 'San Mateo de Otao'),
(150724, 1507, 15, 'San Pedro de Casta'),
(150725, 1507, 15, 'San Pedro de Huancayre'),
(150726, 1507, 15, 'Sangallaya'),
(150727, 1507, 15, 'Santa Cruz de Cocachacra'),
(150728, 1507, 15, 'Santa Eulalia'),
(150729, 1507, 15, 'Santiago de Anchucaya'),
(150730, 1507, 15, 'Santiago de Tuna'),
(150731, 1507, 15, 'Santo Domingo de Los Olleros'),
(150732, 1507, 15, 'Surco'),
(150801, 1508, 15, 'Huacho'),
(150802, 1508, 15, 'Ambar'),
(150803, 1508, 15, 'Caleta de Carquin'),
(150804, 1508, 15, 'Checras'),
(150805, 1508, 15, 'Hualmay'),
(150806, 1508, 15, 'Huaura'),
(150807, 1508, 15, 'Leoncio Prado'),
(150808, 1508, 15, 'Paccho'),
(150809, 1508, 15, 'Santa Leonor'),
(150810, 1508, 15, 'Santa María'),
(150811, 1508, 15, 'Sayan'),
(150812, 1508, 15, 'Vegueta'),
(150901, 1509, 15, 'Oyon'),
(150902, 1509, 15, 'Andajes'),
(150903, 1509, 15, 'Caujul'),
(150904, 1509, 15, 'Cochamarca'),
(150905, 1509, 15, 'Navan'),
(150906, 1509, 15, 'Pachangara'),
(151001, 1510, 15, 'Yauyos'),
(151002, 1510, 15, 'Alis'),
(151003, 1510, 15, 'Allauca'),
(151004, 1510, 15, 'Ayaviri'),
(151005, 1510, 15, 'Azángaro'),
(151006, 1510, 15, 'Cacra'),
(151007, 1510, 15, 'Carania'),
(151008, 1510, 15, 'Catahuasi'),
(151009, 1510, 15, 'Chocos'),
(151010, 1510, 15, 'Cochas'),
(151011, 1510, 15, 'Colonia'),
(151012, 1510, 15, 'Hongos'),
(151013, 1510, 15, 'Huampara'),
(151014, 1510, 15, 'Huancaya'),
(151015, 1510, 15, 'Huangascar'),
(151016, 1510, 15, 'Huantan'),
(151017, 1510, 15, 'Huañec'),
(151018, 1510, 15, 'Laraos'),
(151019, 1510, 15, 'Lincha'),
(151020, 1510, 15, 'Madean'),
(151021, 1510, 15, 'Miraflores'),
(151022, 1510, 15, 'Omas'),
(151023, 1510, 15, 'Putinza'),
(151024, 1510, 15, 'Quinches'),
(151025, 1510, 15, 'Quinocay'),
(151026, 1510, 15, 'San Joaquín'),
(151027, 1510, 15, 'San Pedro de Pilas'),
(151028, 1510, 15, 'Tanta'),
(151029, 1510, 15, 'Tauripampa'),
(151030, 1510, 15, 'Tomas'),
(151031, 1510, 15, 'Tupe'),
(151032, 1510, 15, 'Viñac'),
(151033, 1510, 15, 'Vitis'),
(160101, 1601, 16, 'Iquitos'),
(160102, 1601, 16, 'Alto Nanay'),
(160103, 1601, 16, 'Fernando Lores'),
(160104, 1601, 16, 'Indiana'),
(160105, 1601, 16, 'Las Amazonas'),
(160106, 1601, 16, 'Mazan'),
(160107, 1601, 16, 'Napo'),
(160108, 1601, 16, 'Punchana'),
(160110, 1601, 16, 'Torres Causana'),
(160112, 1601, 16, 'Belén'),
(160113, 1601, 16, 'San Juan Bautista'),
(160201, 1602, 16, 'Yurimaguas'),
(160202, 1602, 16, 'Balsapuerto'),
(160205, 1602, 16, 'Jeberos'),
(160206, 1602, 16, 'Lagunas'),
(160210, 1602, 16, 'Santa Cruz'),
(160211, 1602, 16, 'Teniente Cesar López Rojas'),
(160301, 1603, 16, 'Nauta'),
(160302, 1603, 16, 'Parinari'),
(160303, 1603, 16, 'Tigre'),
(160304, 1603, 16, 'Trompeteros'),
(160305, 1603, 16, 'Urarinas'),
(160401, 1604, 16, 'Ramón Castilla'),
(160402, 1604, 16, 'Pebas'),
(160403, 1604, 16, 'Yavari'),
(160404, 1604, 16, 'San Pablo'),
(160501, 1605, 16, 'Requena'),
(160502, 1605, 16, 'Alto Tapiche'),
(160503, 1605, 16, 'Capelo'),
(160504, 1605, 16, 'Emilio San Martín'),
(160505, 1605, 16, 'Maquia'),
(160506, 1605, 16, 'Puinahua'),
(160507, 1605, 16, 'Saquena'),
(160508, 1605, 16, 'Soplin'),
(160509, 1605, 16, 'Tapiche'),
(160510, 1605, 16, 'Jenaro Herrera'),
(160511, 1605, 16, 'Yaquerana'),
(160601, 1606, 16, 'Contamana'),
(160602, 1606, 16, 'Inahuaya'),
(160603, 1606, 16, 'Padre Márquez'),
(160604, 1606, 16, 'Pampa Hermosa'),
(160605, 1606, 16, 'Sarayacu'),
(160606, 1606, 16, 'Vargas Guerra'),
(160701, 1607, 16, 'Barranca'),
(160702, 1607, 16, 'Cahuapanas'),
(160703, 1607, 16, 'Manseriche'),
(160704, 1607, 16, 'Morona'),
(160705, 1607, 16, 'Pastaza'),
(160706, 1607, 16, 'Andoas'),
(160801, 1608, 16, 'Putumayo'),
(160802, 1608, 16, 'Rosa Panduro'),
(160803, 1608, 16, 'Teniente Manuel Clavero'),
(160804, 1608, 16, 'Yaguas'),
(170101, 1701, 17, 'Tambopata'),
(170102, 1701, 17, 'Inambari'),
(170103, 1701, 17, 'Las Piedras'),
(170104, 1701, 17, 'Laberinto'),
(170201, 1702, 17, 'Manu'),
(170202, 1702, 17, 'Fitzcarrald'),
(170203, 1702, 17, 'Madre de Dios'),
(170204, 1702, 17, 'Huepetuhe'),
(170301, 1703, 17, 'Iñapari'),
(170302, 1703, 17, 'Iberia'),
(170303, 1703, 17, 'Tahuamanu'),
(180101, 1801, 18, 'Moquegua'),
(180102, 1801, 18, 'Carumas'),
(180103, 1801, 18, 'Cuchumbaya'),
(180104, 1801, 18, 'Samegua'),
(180105, 1801, 18, 'San Cristóbal'),
(180106, 1801, 18, 'Torata'),
(180201, 1802, 18, 'Omate'),
(180202, 1802, 18, 'Chojata'),
(180203, 1802, 18, 'Coalaque'),
(180204, 1802, 18, 'Ichuña'),
(180205, 1802, 18, 'La Capilla'),
(180206, 1802, 18, 'Lloque'),
(180207, 1802, 18, 'Matalaque'),
(180208, 1802, 18, 'Puquina'),
(180209, 1802, 18, 'Quinistaquillas'),
(180210, 1802, 18, 'Ubinas'),
(180211, 1802, 18, 'Yunga'),
(180301, 1803, 18, 'Ilo'),
(180302, 1803, 18, 'El Algarrobal'),
(180303, 1803, 18, 'Pacocha'),
(190101, 1901, 19, 'Chaupimarca'),
(190102, 1901, 19, 'Huachon'),
(190103, 1901, 19, 'Huariaca'),
(190104, 1901, 19, 'Huayllay'),
(190105, 1901, 19, 'Ninacaca'),
(190106, 1901, 19, 'Pallanchacra'),
(190107, 1901, 19, 'Paucartambo'),
(190108, 1901, 19, 'San Francisco de Asís de Yarusyacan'),
(190109, 1901, 19, 'Simon Bolívar'),
(190110, 1901, 19, 'Ticlacayan'),
(190111, 1901, 19, 'Tinyahuarco'),
(190112, 1901, 19, 'Vicco'),
(190113, 1901, 19, 'Yanacancha'),
(190201, 1902, 19, 'Yanahuanca'),
(190202, 1902, 19, 'Chacayan'),
(190203, 1902, 19, 'Goyllarisquizga'),
(190204, 1902, 19, 'Paucar'),
(190205, 1902, 19, 'San Pedro de Pillao'),
(190206, 1902, 19, 'Santa Ana de Tusi'),
(190207, 1902, 19, 'Tapuc'),
(190208, 1902, 19, 'Vilcabamba'),
(190301, 1903, 19, 'Oxapampa'),
(190302, 1903, 19, 'Chontabamba'),
(190303, 1903, 19, 'Huancabamba'),
(190304, 1903, 19, 'Palcazu'),
(190305, 1903, 19, 'Pozuzo'),
(190306, 1903, 19, 'Puerto Bermúdez'),
(190307, 1903, 19, 'Villa Rica'),
(190308, 1903, 19, 'Constitución'),
(200101, 2001, 20, 'Piura'),
(200104, 2001, 20, 'Castilla'),
(200105, 2001, 20, 'Catacaos'),
(200107, 2001, 20, 'Cura Mori'),
(200108, 2001, 20, 'El Tallan'),
(200109, 2001, 20, 'La Arena'),
(200110, 2001, 20, 'La Unión'),
(200111, 2001, 20, 'Las Lomas'),
(200114, 2001, 20, 'Tambo Grande'),
(200115, 2001, 20, 'Veintiseis de Octubre'),
(200201, 2002, 20, 'Ayabaca'),
(200202, 2002, 20, 'Frias'),
(200203, 2002, 20, 'Jilili'),
(200204, 2002, 20, 'Lagunas'),
(200205, 2002, 20, 'Montero'),
(200206, 2002, 20, 'Pacaipampa'),
(200207, 2002, 20, 'Paimas'),
(200208, 2002, 20, 'Sapillica'),
(200209, 2002, 20, 'Sicchez'),
(200210, 2002, 20, 'Suyo'),
(200301, 2003, 20, 'Huancabamba'),
(200302, 2003, 20, 'Canchaque'),
(200303, 2003, 20, 'El Carmen de la Frontera'),
(200304, 2003, 20, 'Huarmaca'),
(200305, 2003, 20, 'Lalaquiz'),
(200306, 2003, 20, 'San Miguel de El Faique'),
(200307, 2003, 20, 'Sondor'),
(200308, 2003, 20, 'Sondorillo'),
(200401, 2004, 20, 'Chulucanas'),
(200402, 2004, 20, 'Buenos Aires'),
(200403, 2004, 20, 'Chalaco'),
(200404, 2004, 20, 'La Matanza'),
(200405, 2004, 20, 'Morropon'),
(200406, 2004, 20, 'Salitral'),
(200407, 2004, 20, 'San Juan de Bigote'),
(200408, 2004, 20, 'Santa Catalina de Mossa'),
(200409, 2004, 20, 'Santo Domingo'),
(200410, 2004, 20, 'Yamango'),
(200501, 2005, 20, 'Paita'),
(200502, 2005, 20, 'Amotape'),
(200503, 2005, 20, 'Arenal'),
(200504, 2005, 20, 'Colan'),
(200505, 2005, 20, 'La Huaca'),
(200506, 2005, 20, 'Tamarindo'),
(200507, 2005, 20, 'Vichayal'),
(200601, 2006, 20, 'Sullana'),
(200602, 2006, 20, 'Bellavista'),
(200603, 2006, 20, 'Ignacio Escudero'),
(200604, 2006, 20, 'Lancones'),
(200605, 2006, 20, 'Marcavelica'),
(200606, 2006, 20, 'Miguel Checa'),
(200607, 2006, 20, 'Querecotillo'),
(200608, 2006, 20, 'Salitral'),
(200701, 2007, 20, 'Pariñas'),
(200702, 2007, 20, 'El Alto'),
(200703, 2007, 20, 'La Brea'),
(200704, 2007, 20, 'Lobitos'),
(200705, 2007, 20, 'Los Organos'),
(200706, 2007, 20, 'Mancora'),
(200801, 2008, 20, 'Sechura'),
(200802, 2008, 20, 'Bellavista de la Unión'),
(200803, 2008, 20, 'Bernal'),
(200804, 2008, 20, 'Cristo Nos Valga'),
(200805, 2008, 20, 'Vice'),
(200806, 2008, 20, 'Rinconada Llicuar'),
(210101, 2101, 21, 'Puno'),
(210102, 2101, 21, 'Acora'),
(210103, 2101, 21, 'Amantani'),
(210104, 2101, 21, 'Atuncolla'),
(210105, 2101, 21, 'Capachica'),
(210106, 2101, 21, 'Chucuito'),
(210107, 2101, 21, 'Coata'),
(210108, 2101, 21, 'Huata'),
(210109, 2101, 21, 'Mañazo'),
(210110, 2101, 21, 'Paucarcolla'),
(210111, 2101, 21, 'Pichacani'),
(210112, 2101, 21, 'Plateria'),
(210113, 2101, 21, 'San Antonio'),
(210114, 2101, 21, 'Tiquillaca'),
(210115, 2101, 21, 'Vilque'),
(210201, 2102, 21, 'Azángaro'),
(210202, 2102, 21, 'Achaya'),
(210203, 2102, 21, 'Arapa'),
(210204, 2102, 21, 'Asillo'),
(210205, 2102, 21, 'Caminaca'),
(210206, 2102, 21, 'Chupa'),
(210207, 2102, 21, 'José Domingo Choquehuanca'),
(210208, 2102, 21, 'Muñani'),
(210209, 2102, 21, 'Potoni'),
(210210, 2102, 21, 'Saman'),
(210211, 2102, 21, 'San Anton'),
(210212, 2102, 21, 'San José'),
(210213, 2102, 21, 'San Juan de Salinas'),
(210214, 2102, 21, 'Santiago de Pupuja'),
(210215, 2102, 21, 'Tirapata'),
(210301, 2103, 21, 'Macusani'),
(210302, 2103, 21, 'Ajoyani'),
(210303, 2103, 21, 'Ayapata'),
(210304, 2103, 21, 'Coasa'),
(210305, 2103, 21, 'Corani'),
(210306, 2103, 21, 'Crucero'),
(210307, 2103, 21, 'Ituata'),
(210308, 2103, 21, 'Ollachea'),
(210309, 2103, 21, 'San Gaban'),
(210310, 2103, 21, 'Usicayos'),
(210401, 2104, 21, 'Juli'),
(210402, 2104, 21, 'Desaguadero'),
(210403, 2104, 21, 'Huacullani'),
(210404, 2104, 21, 'Kelluyo'),
(210405, 2104, 21, 'Pisacoma'),
(210406, 2104, 21, 'Pomata'),
(210407, 2104, 21, 'Zepita'),
(210501, 2105, 21, 'Ilave'),
(210502, 2105, 21, 'Capazo'),
(210503, 2105, 21, 'Pilcuyo'),
(210504, 2105, 21, 'Santa Rosa'),
(210505, 2105, 21, 'Conduriri'),
(210601, 2106, 21, 'Huancane');
INSERT INTO `distritos` (`id_distrito`, `id_provincia`, `id_departamento`, `nombre`) VALUES
(210602, 2106, 21, 'Cojata'),
(210603, 2106, 21, 'Huatasani'),
(210604, 2106, 21, 'Inchupalla'),
(210605, 2106, 21, 'Pusi'),
(210606, 2106, 21, 'Rosaspata'),
(210607, 2106, 21, 'Taraco'),
(210608, 2106, 21, 'Vilque Chico'),
(210701, 2107, 21, 'Lampa'),
(210702, 2107, 21, 'Cabanilla'),
(210703, 2107, 21, 'Calapuja'),
(210704, 2107, 21, 'Nicasio'),
(210705, 2107, 21, 'Ocuviri'),
(210706, 2107, 21, 'Palca'),
(210707, 2107, 21, 'Paratia'),
(210708, 2107, 21, 'Pucara'),
(210709, 2107, 21, 'Santa Lucia'),
(210710, 2107, 21, 'Vilavila'),
(210801, 2108, 21, 'Ayaviri'),
(210802, 2108, 21, 'Antauta'),
(210803, 2108, 21, 'Cupi'),
(210804, 2108, 21, 'Llalli'),
(210805, 2108, 21, 'Macari'),
(210806, 2108, 21, 'Nuñoa'),
(210807, 2108, 21, 'Orurillo'),
(210808, 2108, 21, 'Santa Rosa'),
(210809, 2108, 21, 'Umachiri'),
(210901, 2109, 21, 'Moho'),
(210902, 2109, 21, 'Conima'),
(210903, 2109, 21, 'Huayrapata'),
(210904, 2109, 21, 'Tilali'),
(211001, 2110, 21, 'Putina'),
(211002, 2110, 21, 'Ananea'),
(211003, 2110, 21, 'Pedro Vilca Apaza'),
(211004, 2110, 21, 'Quilcapuncu'),
(211005, 2110, 21, 'Sina'),
(211101, 2111, 21, 'Juliaca'),
(211102, 2111, 21, 'Cabana'),
(211103, 2111, 21, 'Cabanillas'),
(211104, 2111, 21, 'Caracoto'),
(211105, 2111, 21, 'San Miguel'),
(211201, 2112, 21, 'Sandia'),
(211202, 2112, 21, 'Cuyocuyo'),
(211203, 2112, 21, 'Limbani'),
(211204, 2112, 21, 'Patambuco'),
(211205, 2112, 21, 'Phara'),
(211206, 2112, 21, 'Quiaca'),
(211207, 2112, 21, 'San Juan del Oro'),
(211208, 2112, 21, 'Yanahuaya'),
(211209, 2112, 21, 'Alto Inambari'),
(211210, 2112, 21, 'San Pedro de Putina Punco'),
(211301, 2113, 21, 'Yunguyo'),
(211302, 2113, 21, 'Anapia'),
(211303, 2113, 21, 'Copani'),
(211304, 2113, 21, 'Cuturapi'),
(211305, 2113, 21, 'Ollaraya'),
(211306, 2113, 21, 'Tinicachi'),
(211307, 2113, 21, 'Unicachi'),
(220101, 2201, 22, 'Moyobamba'),
(220102, 2201, 22, 'Calzada'),
(220103, 2201, 22, 'Habana'),
(220104, 2201, 22, 'Jepelacio'),
(220105, 2201, 22, 'Soritor'),
(220106, 2201, 22, 'Yantalo'),
(220201, 2202, 22, 'Bellavista'),
(220202, 2202, 22, 'Alto Biavo'),
(220203, 2202, 22, 'Bajo Biavo'),
(220204, 2202, 22, 'Huallaga'),
(220205, 2202, 22, 'San Pablo'),
(220206, 2202, 22, 'San Rafael'),
(220301, 2203, 22, 'San José de Sisa'),
(220302, 2203, 22, 'Agua Blanca'),
(220303, 2203, 22, 'San Martín'),
(220304, 2203, 22, 'Santa Rosa'),
(220305, 2203, 22, 'Shatoja'),
(220401, 2204, 22, 'Saposoa'),
(220402, 2204, 22, 'Alto Saposoa'),
(220403, 2204, 22, 'El Eslabón'),
(220404, 2204, 22, 'Piscoyacu'),
(220405, 2204, 22, 'Sacanche'),
(220406, 2204, 22, 'Tingo de Saposoa'),
(220501, 2205, 22, 'Lamas'),
(220502, 2205, 22, 'Alonso de Alvarado'),
(220503, 2205, 22, 'Barranquita'),
(220504, 2205, 22, 'Caynarachi'),
(220505, 2205, 22, 'Cuñumbuqui'),
(220506, 2205, 22, 'Pinto Recodo'),
(220507, 2205, 22, 'Rumisapa'),
(220508, 2205, 22, 'San Roque de Cumbaza'),
(220509, 2205, 22, 'Shanao'),
(220510, 2205, 22, 'Tabalosos'),
(220511, 2205, 22, 'Zapatero'),
(220601, 2206, 22, 'Juanjuí'),
(220602, 2206, 22, 'Campanilla'),
(220603, 2206, 22, 'Huicungo'),
(220604, 2206, 22, 'Pachiza'),
(220605, 2206, 22, 'Pajarillo'),
(220701, 2207, 22, 'Picota'),
(220702, 2207, 22, 'Buenos Aires'),
(220703, 2207, 22, 'Caspisapa'),
(220704, 2207, 22, 'Pilluana'),
(220705, 2207, 22, 'Pucacaca'),
(220706, 2207, 22, 'San Cristóbal'),
(220707, 2207, 22, 'San Hilarión'),
(220708, 2207, 22, 'Shamboyacu'),
(220709, 2207, 22, 'Tingo de Ponasa'),
(220710, 2207, 22, 'Tres Unidos'),
(220801, 2208, 22, 'Rioja'),
(220802, 2208, 22, 'Awajun'),
(220803, 2208, 22, 'Elías Soplin Vargas'),
(220804, 2208, 22, 'Nueva Cajamarca'),
(220805, 2208, 22, 'Pardo Miguel'),
(220806, 2208, 22, 'Posic'),
(220807, 2208, 22, 'San Fernando'),
(220808, 2208, 22, 'Yorongos'),
(220809, 2208, 22, 'Yuracyacu'),
(220901, 2209, 22, 'Tarapoto'),
(220902, 2209, 22, 'Alberto Leveau'),
(220903, 2209, 22, 'Cacatachi'),
(220904, 2209, 22, 'Chazuta'),
(220905, 2209, 22, 'Chipurana'),
(220906, 2209, 22, 'El Porvenir'),
(220907, 2209, 22, 'Huimbayoc'),
(220908, 2209, 22, 'Juan Guerra'),
(220909, 2209, 22, 'La Banda de Shilcayo'),
(220910, 2209, 22, 'Morales'),
(220911, 2209, 22, 'Papaplaya'),
(220912, 2209, 22, 'San Antonio'),
(220913, 2209, 22, 'Sauce'),
(220914, 2209, 22, 'Shapaja'),
(221001, 2210, 22, 'Tocache'),
(221002, 2210, 22, 'Nuevo Progreso'),
(221003, 2210, 22, 'Polvora'),
(221004, 2210, 22, 'Shunte'),
(221005, 2210, 22, 'Uchiza'),
(230101, 2301, 23, 'Tacna'),
(230102, 2301, 23, 'Alto de la Alianza'),
(230103, 2301, 23, 'Calana'),
(230104, 2301, 23, 'Ciudad Nueva'),
(230105, 2301, 23, 'Inclan'),
(230106, 2301, 23, 'Pachia'),
(230107, 2301, 23, 'Palca'),
(230108, 2301, 23, 'Pocollay'),
(230109, 2301, 23, 'Sama'),
(230110, 2301, 23, 'Coronel Gregorio Albarracín Lanchipa'),
(230111, 2301, 23, 'La Yarada los Palos'),
(230201, 2302, 23, 'Candarave'),
(230202, 2302, 23, 'Cairani'),
(230203, 2302, 23, 'Camilaca'),
(230204, 2302, 23, 'Curibaya'),
(230205, 2302, 23, 'Huanuara'),
(230206, 2302, 23, 'Quilahuani'),
(230301, 2303, 23, 'Locumba'),
(230302, 2303, 23, 'Ilabaya'),
(230303, 2303, 23, 'Ite'),
(230401, 2304, 23, 'Tarata'),
(230402, 2304, 23, 'Héroes Albarracín'),
(230403, 2304, 23, 'Estique'),
(230404, 2304, 23, 'Estique-Pampa'),
(230405, 2304, 23, 'Sitajara'),
(230406, 2304, 23, 'Susapaya'),
(230407, 2304, 23, 'Tarucachi'),
(230408, 2304, 23, 'Ticaco'),
(240101, 2401, 24, 'Tumbes'),
(240102, 2401, 24, 'Corrales'),
(240103, 2401, 24, 'La Cruz'),
(240104, 2401, 24, 'Pampas de Hospital'),
(240105, 2401, 24, 'San Jacinto'),
(240106, 2401, 24, 'San Juan de la Virgen'),
(240201, 2402, 24, 'Zorritos'),
(240202, 2402, 24, 'Casitas'),
(240203, 2402, 24, 'Canoas de Punta Sal'),
(240301, 2403, 24, 'Zarumilla'),
(240302, 2403, 24, 'Aguas Verdes'),
(240303, 2403, 24, 'Matapalo'),
(240304, 2403, 24, 'Papayal'),
(250101, 2501, 25, 'Calleria'),
(250102, 2501, 25, 'Campoverde'),
(250103, 2501, 25, 'Iparia'),
(250104, 2501, 25, 'Masisea'),
(250105, 2501, 25, 'Yarinacocha'),
(250106, 2501, 25, 'Nueva Requena'),
(250107, 2501, 25, 'Manantay'),
(250201, 2502, 25, 'Raymondi'),
(250202, 2502, 25, 'Sepahua'),
(250203, 2502, 25, 'Tahuania'),
(250204, 2502, 25, 'Yurua'),
(250301, 2503, 25, 'Padre Abad'),
(250302, 2503, 25, 'Irazola'),
(250303, 2503, 25, 'Curimana'),
(250304, 2503, 25, 'Neshuya'),
(250305, 2503, 25, 'Alexander Von Humboldt'),
(250401, 2504, 25, 'Purus');

-- --------------------------------------------------------

--
-- Estructura de tabla para la tabla `facultades`
--

CREATE TABLE `facultades` (
  `id_facultad` int(11) NOT NULL,
  `nombre` varchar(50) NOT NULL,
  `descripcion` varchar(255) NOT NULL
) ENGINE=InnoDB DEFAULT CHARSET=utf8mb4;

--
-- Volcado de datos para la tabla `facultades`
--

INSERT INTO `facultades` (`id_facultad`, `nombre`, `descripcion`) VALUES
(5, 'FACULTAD DE INGENIERÍA MECÁNICA ELECTRICA', 'Facultad de prueba');

-- --------------------------------------------------------

--
-- Estructura de tabla para la tabla `preguntas`
--

CREATE TABLE `preguntas` (
  `id_pregunta` int(11) NOT NULL,
  `descripcion` varchar(255) NOT NULL
) ENGINE=InnoDB DEFAULT CHARSET=utf8mb4;

-- --------------------------------------------------------

--
-- Estructura de tabla para la tabla `pregunta_respuesta`
--

CREATE TABLE `pregunta_respuesta` (
  `id_preg_resp` int(11) NOT NULL,
  `id_curso_tema` int(11) NOT NULL,
  `id_pregunta` int(11) NOT NULL,
  `id_respuesta` int(11) NOT NULL,
  `estado` varchar(50) NOT NULL
) ENGINE=InnoDB DEFAULT CHARSET=utf8mb4;

-- --------------------------------------------------------

--
-- Estructura de tabla para la tabla `prospectos`
--

CREATE TABLE `prospectos` (
  `id_prospecto` int(11) NOT NULL,
  `nombre` varchar(255) NOT NULL
) ENGINE=InnoDB DEFAULT CHARSET=utf8mb4;

-- --------------------------------------------------------

--
-- Estructura de tabla para la tabla `prospecto_cursotema`
--

CREATE TABLE `prospecto_cursotema` (
  `id_pros_curTema` int(11) NOT NULL,
  `id_prospecto` int(11) NOT NULL,
  `id_curso_tema` int(11) NOT NULL
) ENGINE=InnoDB DEFAULT CHARSET=utf8mb4;

-- --------------------------------------------------------

--
-- Estructura de tabla para la tabla `provincias`
--

CREATE TABLE `provincias` (
  `id_provincia` int(11) NOT NULL,
  `id_departamento` int(11) NOT NULL,
  `nombre` varchar(50) NOT NULL
) ENGINE=InnoDB DEFAULT CHARSET=utf8mb4;

--
-- Volcado de datos para la tabla `provincias`
--

INSERT INTO `provincias` (`id_provincia`, `id_departamento`, `nombre`) VALUES
(101, 1, 'Chachapoyas'),
(102, 1, 'Bagua'),
(103, 1, 'Bongará'),
(104, 1, 'Condorcanqui'),
(105, 1, 'Luya'),
(106, 1, 'Rodríguez de Mendoza'),
(107, 1, 'Utcubamba'),
(201, 2, 'Huaraz'),
(202, 2, 'Aija'),
(203, 2, 'Antonio Raymondi'),
(204, 2, 'Asunción'),
(205, 2, 'Bolognesi'),
(206, 2, 'Carhuaz'),
(207, 2, 'Carlos Fermín Fitzcarrald'),
(208, 2, 'Casma'),
(209, 2, 'Corongo'),
(210, 2, 'Huari'),
(211, 2, 'Huarmey'),
(212, 2, 'Huaylas'),
(213, 2, 'Mariscal Luzuriaga'),
(214, 2, 'Ocros'),
(215, 2, 'Pallasca'),
(216, 2, 'Pomabamba'),
(217, 2, 'Recuay'),
(218, 2, 'Santa'),
(219, 2, 'Sihuas'),
(220, 2, 'Yungay'),
(301, 3, 'Abancay'),
(302, 3, 'Andahuaylas'),
(303, 3, 'Antabamba'),
(304, 3, 'Aymaraes'),
(305, 3, 'Cotabambas'),
(306, 3, 'Chincheros'),
(307, 3, 'Grau'),
(401, 4, 'Arequipa'),
(402, 4, 'Camaná'),
(403, 4, 'Caravelí'),
(404, 4, 'Castilla'),
(405, 4, 'Caylloma'),
(406, 4, 'Condesuyos'),
(407, 4, 'Islay'),
(408, 4, 'La Uniòn'),
(501, 5, 'Huamanga'),
(502, 5, 'Cangallo'),
(503, 5, 'Huanca Sancos'),
(504, 5, 'Huanta'),
(505, 5, 'La Mar'),
(506, 5, 'Lucanas'),
(507, 5, 'Parinacochas'),
(508, 5, 'Pàucar del Sara Sara'),
(509, 5, 'Sucre'),
(510, 5, 'Víctor Fajardo'),
(511, 5, 'Vilcas Huamán'),
(601, 6, 'Cajamarca'),
(602, 6, 'Cajabamba'),
(603, 6, 'Celendín'),
(604, 6, 'Chota'),
(605, 6, 'Contumazá'),
(606, 6, 'Cutervo'),
(607, 6, 'Hualgayoc'),
(608, 6, 'Jaén'),
(609, 6, 'San Ignacio'),
(610, 6, 'San Marcos'),
(611, 6, 'San Miguel'),
(612, 6, 'San Pablo'),
(613, 6, 'Santa Cruz'),
(701, 7, 'Prov. Const. del Callao'),
(801, 8, 'Cusco'),
(802, 8, 'Acomayo'),
(803, 8, 'Anta'),
(804, 8, 'Calca'),
(805, 8, 'Canas'),
(806, 8, 'Canchis'),
(807, 8, 'Chumbivilcas'),
(808, 8, 'Espinar'),
(809, 8, 'La Convención'),
(810, 8, 'Paruro'),
(811, 8, 'Paucartambo'),
(812, 8, 'Quispicanchi'),
(813, 8, 'Urubamba'),
(901, 9, 'Huancavelica'),
(902, 9, 'Acobamba'),
(903, 9, 'Angaraes'),
(904, 9, 'Castrovirreyna'),
(905, 9, 'Churcampa'),
(906, 9, 'Huaytará'),
(907, 9, 'Tayacaja'),
(1001, 10, 'Huánuco'),
(1002, 10, 'Ambo'),
(1003, 10, 'Dos de Mayo'),
(1004, 10, 'Huacaybamba'),
(1005, 10, 'Huamalíes'),
(1006, 10, 'Leoncio Prado'),
(1007, 10, 'Marañón'),
(1008, 10, 'Pachitea'),
(1009, 10, 'Puerto Inca'),
(1010, 10, 'Lauricocha '),
(1011, 10, 'Yarowilca '),
(1101, 11, 'Ica '),
(1102, 11, 'Chincha '),
(1103, 11, 'Nasca '),
(1104, 11, 'Palpa '),
(1105, 11, 'Pisco '),
(1201, 12, 'Huancayo '),
(1202, 12, 'Concepción '),
(1203, 12, 'Chanchamayo '),
(1204, 12, 'Jauja '),
(1205, 12, 'Junín '),
(1206, 12, 'Satipo '),
(1207, 12, 'Tarma '),
(1208, 12, 'Yauli '),
(1209, 12, 'Chupaca '),
(1301, 13, 'Trujillo '),
(1302, 13, 'Ascope '),
(1303, 13, 'Bolívar '),
(1304, 13, 'Chepén '),
(1305, 13, 'Julcán '),
(1306, 13, 'Otuzco '),
(1307, 13, 'Pacasmayo '),
(1308, 13, 'Pataz '),
(1309, 13, 'Sánchez Carrión '),
(1310, 13, 'Santiago de Chuco '),
(1311, 13, 'Gran Chimú '),
(1312, 13, 'Virú '),
(1401, 14, 'Chiclayo '),
(1402, 14, 'Ferreñafe '),
(1403, 14, 'Lambayeque '),
(1501, 15, 'Lima '),
(1502, 15, 'Barranca '),
(1503, 15, 'Cajatambo '),
(1504, 15, 'Canta '),
(1505, 15, 'Cañete '),
(1506, 15, 'Huaral '),
(1507, 15, 'Huarochirí '),
(1508, 15, 'Huaura '),
(1509, 15, 'Oyón '),
(1510, 15, 'Yauyos '),
(1601, 16, 'Maynas '),
(1602, 16, 'Alto Amazonas '),
(1603, 16, 'Loreto '),
(1604, 16, 'Mariscal Ramón Castilla '),
(1605, 16, 'Requena '),
(1606, 16, 'Ucayali '),
(1607, 16, 'Datem del Marañón '),
(1608, 16, 'Putumayo'),
(1701, 17, 'Tambopata '),
(1702, 17, 'Manu '),
(1703, 17, 'Tahuamanu '),
(1801, 18, 'Mariscal Nieto '),
(1802, 18, 'General Sánchez Cerro '),
(1803, 18, 'Ilo '),
(1901, 19, 'Pasco '),
(1902, 19, 'Daniel Alcides Carrión '),
(1903, 19, 'Oxapampa '),
(2001, 20, 'Piura '),
(2002, 20, 'Ayabaca '),
(2003, 20, 'Huancabamba '),
(2004, 20, 'Morropón '),
(2005, 20, 'Paita '),
(2006, 20, 'Sullana '),
(2007, 20, 'Talara '),
(2008, 20, 'Sechura '),
(2101, 21, 'Puno '),
(2102, 21, 'Azángaro '),
(2103, 21, 'Carabaya '),
(2104, 21, 'Chucuito '),
(2105, 21, 'El Collao '),
(2106, 21, 'Huancané '),
(2107, 21, 'Lampa '),
(2108, 21, 'Melgar '),
(2109, 21, 'Moho '),
(2110, 21, 'San Antonio de Putina '),
(2111, 21, 'San Román '),
(2112, 21, 'Sandia '),
(2113, 21, 'Yunguyo '),
(2201, 22, 'Moyobamba '),
(2202, 22, 'Bellavista '),
(2203, 22, 'El Dorado '),
(2204, 22, 'Huallaga '),
(2205, 22, 'Lamas '),
(2206, 22, 'Mariscal Cáceres '),
(2207, 22, 'Picota '),
(2208, 22, 'Rioja '),
(2209, 22, 'San Martín '),
(2210, 22, 'Tocache '),
(2301, 23, 'Tacna '),
(2302, 23, 'Candarave '),
(2303, 23, 'Jorge Basadre '),
(2304, 23, 'Tarata '),
(2401, 24, 'Tumbes '),
(2402, 24, 'Contralmirante Villar '),
(2403, 24, 'Zarumilla '),
(2501, 25, 'Coronel Portillo '),
(2502, 25, 'Atalaya '),
(2503, 25, 'Padre Abad '),
(2504, 25, 'Purús');

-- --------------------------------------------------------

--
-- Estructura de tabla para la tabla `records`
--

CREATE TABLE `records` (
  `id_record` int(11) NOT NULL,
  `id_usuario` int(11) NOT NULL,
  `f_realiza_examen` date NOT NULL,
  `h_realiza_examen` time NOT NULL,
  `h_termina_examen` time NOT NULL,
  `cant_preg_correctas` int(11) NOT NULL,
  `cant_preg_incorretas` int(11) NOT NULL
) ENGINE=InnoDB DEFAULT CHARSET=utf8mb4;

-- --------------------------------------------------------

--
-- Estructura de tabla para la tabla `respuestas`
--

CREATE TABLE `respuestas` (
  `id_respuesta` int(11) NOT NULL,
  `respuesta` varchar(255) NOT NULL
) ENGINE=InnoDB DEFAULT CHARSET=utf8mb4;

-- --------------------------------------------------------

--
-- Estructura de tabla para la tabla `temas`
--

CREATE TABLE `temas` (
  `id_tema` int(11) NOT NULL,
  `nombre` varchar(50) NOT NULL
) ENGINE=InnoDB DEFAULT CHARSET=utf8mb4;

-- --------------------------------------------------------

--
-- Estructura de tabla para la tabla `universidades`
--

CREATE TABLE `universidades` (
  `id_universidad` int(11) NOT NULL,
  `id_departamento` int(11) NOT NULL,
  `id_provincia` int(11) NOT NULL,
  `id_distrito` int(11) NOT NULL,
  `id_prospecto` int(11) DEFAULT NULL,
  `nombre` varchar(50) NOT NULL,
  `descripcion` varchar(255) NOT NULL,
  `imagen_url` varchar(50) DEFAULT NULL
) ENGINE=InnoDB DEFAULT CHARSET=utf8mb4;

--
-- Volcado de datos para la tabla `universidades`
--

INSERT INTO `universidades` (`id_universidad`, `id_departamento`, `id_provincia`, `id_distrito`, `id_prospecto`, `nombre`, `descripcion`, `imagen_url`) VALUES
(10, 15, 1501, 150142, NULL, 'UNIVERSIDAD NACIONAL TECNOLÓGICA DE LIMA SUR', 'DESDE LA DÉCADA DE LOS 70, EN EL SIGLO XX, CUANDO SURGIÓ VILLA EL SALVADOR, SUS POBLADORES QUE CREARON LA COMUNIDAD AUTOGESTIONARIA DE VILLA EL SALVADOR INCLUYERON EN SU PRIMER PLAN DE DESARROLLO INTEGRAL LA CREACIÓN DE UNA UNIVERSIDAD PÚBLICA, ENTRE LAS ', '5e06d22c88_untels.jpg'),
(11, 15, 1501, 150101, NULL, 'UNIVERSIDAD NACIONAL MAYOR DE SAN MARCOS', 'ESTO ES UNA PRUEBA NADA MAS', 'b1b9869903_san_marcos.jpg');

-- --------------------------------------------------------

--
-- Estructura de tabla para la tabla `univ_fac_carr`
--

CREATE TABLE `univ_fac_carr` (
  `id_univ_fac_carr` int(11) NOT NULL,
  `id_universidad` int(11) NOT NULL,
  `id_facultad` int(11) NOT NULL,
  `id_carrera` int(11) NOT NULL
) ENGINE=InnoDB DEFAULT CHARSET=utf8mb4;

-- --------------------------------------------------------

--
-- Estructura de tabla para la tabla `usuarios`
--

CREATE TABLE `usuarios` (
  `id_usuario` int(11) NOT NULL,
  `nombres` varchar(50) NOT NULL,
  `apellidos` varchar(50) NOT NULL,
  `edad` int(11) NOT NULL,
  `celular` varchar(13) NOT NULL,
  `telefono` varchar(13) DEFAULT NULL,
  `email` varchar(70) NOT NULL,
  `contrasena` varchar(255) NOT NULL,
  `año_egreso` date DEFAULT NULL,
  `año_cursa` varchar(30) DEFAULT NULL,
  `colegio` varchar(50) NOT NULL,
  `f_registro` datetime NOT NULL,
  `id_univ_fac_carr` int(11) NOT NULL,
  `id_departamento` int(11) NOT NULL,
  `id_provincia` int(11) NOT NULL,
  `id_distrito` int(11) NOT NULL,
  `extranjero` varchar(50) DEFAULT NULL,
  `pais` varchar(50) NOT NULL,
  `rol` varchar(50) NOT NULL
) ENGINE=InnoDB DEFAULT CHARSET=utf8mb4;

--
-- Índices para tablas volcadas
--

--
-- Indices de la tabla `carreras`
--
ALTER TABLE `carreras`
  ADD PRIMARY KEY (`id_carrera`);

--
-- Indices de la tabla `cursos`
--
ALTER TABLE `cursos`
  ADD PRIMARY KEY (`id_curso`);

--
-- Indices de la tabla `curso_tema`
--
ALTER TABLE `curso_tema`
  ADD PRIMARY KEY (`id_curso_tema`),
  ADD KEY `id_curso` (`id_curso`),
  ADD KEY `id_tema` (`id_tema`);

--
-- Indices de la tabla `departamentos`
--
ALTER TABLE `departamentos`
  ADD PRIMARY KEY (`id_departamento`);

--
-- Indices de la tabla `distritos`
--
ALTER TABLE `distritos`
  ADD PRIMARY KEY (`id_distrito`),
  ADD KEY `id_provincia` (`id_provincia`),
  ADD KEY `id_departamento` (`id_departamento`);

--
-- Indices de la tabla `facultades`
--
ALTER TABLE `facultades`
  ADD PRIMARY KEY (`id_facultad`);

--
-- Indices de la tabla `preguntas`
--
ALTER TABLE `preguntas`
  ADD PRIMARY KEY (`id_pregunta`);

--
-- Indices de la tabla `pregunta_respuesta`
--
ALTER TABLE `pregunta_respuesta`
  ADD PRIMARY KEY (`id_preg_resp`),
  ADD KEY `id_curso_tema` (`id_curso_tema`),
  ADD KEY `id_pregunta` (`id_pregunta`),
  ADD KEY `id_respuesta` (`id_respuesta`);

--
-- Indices de la tabla `prospectos`
--
ALTER TABLE `prospectos`
  ADD PRIMARY KEY (`id_prospecto`);

--
-- Indices de la tabla `prospecto_cursotema`
--
ALTER TABLE `prospecto_cursotema`
  ADD PRIMARY KEY (`id_pros_curTema`),
  ADD KEY `id_prospecto` (`id_prospecto`),
  ADD KEY `id_curso_tema` (`id_curso_tema`);

--
-- Indices de la tabla `provincias`
--
ALTER TABLE `provincias`
  ADD PRIMARY KEY (`id_provincia`),
  ADD KEY `id_departamento` (`id_departamento`);

--
-- Indices de la tabla `records`
--
ALTER TABLE `records`
  ADD PRIMARY KEY (`id_record`),
  ADD KEY `id_usuario` (`id_usuario`);

--
-- Indices de la tabla `respuestas`
--
ALTER TABLE `respuestas`
  ADD PRIMARY KEY (`id_respuesta`);

--
-- Indices de la tabla `temas`
--
ALTER TABLE `temas`
  ADD PRIMARY KEY (`id_tema`);

--
-- Indices de la tabla `universidades`
--
ALTER TABLE `universidades`
  ADD PRIMARY KEY (`id_universidad`),
  ADD KEY `id_departamento` (`id_departamento`),
  ADD KEY `id_provincia` (`id_provincia`),
  ADD KEY `id_distrito` (`id_distrito`),
  ADD KEY `id_prospecto` (`id_prospecto`);

--
-- Indices de la tabla `univ_fac_carr`
--
ALTER TABLE `univ_fac_carr`
  ADD PRIMARY KEY (`id_univ_fac_carr`),
  ADD KEY `id_facultad` (`id_facultad`),
  ADD KEY `id_carrera` (`id_carrera`);

--
-- Indices de la tabla `usuarios`
--
ALTER TABLE `usuarios`
  ADD PRIMARY KEY (`id_usuario`),
  ADD UNIQUE KEY `email` (`email`),
  ADD KEY `id_univ_fac_carr` (`id_univ_fac_carr`),
  ADD KEY `id_departamento` (`id_departamento`),
  ADD KEY `id_provincia` (`id_provincia`),
  ADD KEY `id_distrito` (`id_distrito`);

--
-- AUTO_INCREMENT de las tablas volcadas
--

--
-- AUTO_INCREMENT de la tabla `carreras`
--
ALTER TABLE `carreras`
  MODIFY `id_carrera` int(11) NOT NULL AUTO_INCREMENT, AUTO_INCREMENT=3;

--
-- AUTO_INCREMENT de la tabla `cursos`
--
ALTER TABLE `cursos`
  MODIFY `id_curso` int(11) NOT NULL AUTO_INCREMENT;

--
-- AUTO_INCREMENT de la tabla `curso_tema`
--
ALTER TABLE `curso_tema`
  MODIFY `id_curso_tema` int(11) NOT NULL AUTO_INCREMENT;

--
-- AUTO_INCREMENT de la tabla `departamentos`
--
ALTER TABLE `departamentos`
  MODIFY `id_departamento` int(11) NOT NULL AUTO_INCREMENT, AUTO_INCREMENT=26;

--
-- AUTO_INCREMENT de la tabla `distritos`
--
ALTER TABLE `distritos`
  MODIFY `id_distrito` int(11) NOT NULL AUTO_INCREMENT, AUTO_INCREMENT=250402;

--
-- AUTO_INCREMENT de la tabla `facultades`
--
ALTER TABLE `facultades`
  MODIFY `id_facultad` int(11) NOT NULL AUTO_INCREMENT, AUTO_INCREMENT=6;

--
-- AUTO_INCREMENT de la tabla `preguntas`
--
ALTER TABLE `preguntas`
  MODIFY `id_pregunta` int(11) NOT NULL AUTO_INCREMENT;

--
-- AUTO_INCREMENT de la tabla `pregunta_respuesta`
--
ALTER TABLE `pregunta_respuesta`
  MODIFY `id_preg_resp` int(11) NOT NULL AUTO_INCREMENT;

--
-- AUTO_INCREMENT de la tabla `prospectos`
--
ALTER TABLE `prospectos`
  MODIFY `id_prospecto` int(11) NOT NULL AUTO_INCREMENT;

--
-- AUTO_INCREMENT de la tabla `prospecto_cursotema`
--
ALTER TABLE `prospecto_cursotema`
  MODIFY `id_pros_curTema` int(11) NOT NULL AUTO_INCREMENT;

--
-- AUTO_INCREMENT de la tabla `provincias`
--
ALTER TABLE `provincias`
  MODIFY `id_provincia` int(11) NOT NULL AUTO_INCREMENT, AUTO_INCREMENT=2505;

--
-- AUTO_INCREMENT de la tabla `records`
--
ALTER TABLE `records`
  MODIFY `id_record` int(11) NOT NULL AUTO_INCREMENT;

--
-- AUTO_INCREMENT de la tabla `respuestas`
--
ALTER TABLE `respuestas`
  MODIFY `id_respuesta` int(11) NOT NULL AUTO_INCREMENT;

--
-- AUTO_INCREMENT de la tabla `temas`
--
ALTER TABLE `temas`
  MODIFY `id_tema` int(11) NOT NULL AUTO_INCREMENT;

--
-- AUTO_INCREMENT de la tabla `universidades`
--
ALTER TABLE `universidades`
  MODIFY `id_universidad` int(11) NOT NULL AUTO_INCREMENT, AUTO_INCREMENT=12;

--
-- AUTO_INCREMENT de la tabla `usuarios`
--
ALTER TABLE `usuarios`
  MODIFY `id_usuario` int(11) NOT NULL AUTO_INCREMENT;

--
-- Restricciones para tablas volcadas
--

--
-- Filtros para la tabla `curso_tema`
--
ALTER TABLE `curso_tema`
  ADD CONSTRAINT `curso_tema_ibfk_1` FOREIGN KEY (`id_curso`) REFERENCES `cursos` (`id_curso`),
  ADD CONSTRAINT `curso_tema_ibfk_2` FOREIGN KEY (`id_tema`) REFERENCES `temas` (`id_tema`);

--
-- Filtros para la tabla `distritos`
--
ALTER TABLE `distritos`
  ADD CONSTRAINT `distritos_ibfk_1` FOREIGN KEY (`id_provincia`) REFERENCES `provincias` (`id_provincia`),
  ADD CONSTRAINT `distritos_ibfk_2` FOREIGN KEY (`id_departamento`) REFERENCES `departamentos` (`id_departamento`);

--
-- Filtros para la tabla `pregunta_respuesta`
--
ALTER TABLE `pregunta_respuesta`
  ADD CONSTRAINT `pregunta_respuesta_ibfk_1` FOREIGN KEY (`id_curso_tema`) REFERENCES `curso_tema` (`id_curso_tema`),
  ADD CONSTRAINT `pregunta_respuesta_ibfk_2` FOREIGN KEY (`id_pregunta`) REFERENCES `preguntas` (`id_pregunta`),
  ADD CONSTRAINT `pregunta_respuesta_ibfk_3` FOREIGN KEY (`id_respuesta`) REFERENCES `respuestas` (`id_respuesta`);

--
-- Filtros para la tabla `prospecto_cursotema`
--
ALTER TABLE `prospecto_cursotema`
  ADD CONSTRAINT `prospecto_cursotema_ibfk_1` FOREIGN KEY (`id_prospecto`) REFERENCES `prospectos` (`id_prospecto`),
  ADD CONSTRAINT `prospecto_cursotema_ibfk_2` FOREIGN KEY (`id_curso_tema`) REFERENCES `curso_tema` (`id_curso_tema`);

--
-- Filtros para la tabla `provincias`
--
ALTER TABLE `provincias`
  ADD CONSTRAINT `provincias_ibfk_1` FOREIGN KEY (`id_departamento`) REFERENCES `departamentos` (`id_departamento`);

--
-- Filtros para la tabla `records`
--
ALTER TABLE `records`
  ADD CONSTRAINT `records_ibfk_1` FOREIGN KEY (`id_usuario`) REFERENCES `usuarios` (`id_usuario`);

--
-- Filtros para la tabla `universidades`
--
ALTER TABLE `universidades`
  ADD CONSTRAINT `universidades_ibfk_1` FOREIGN KEY (`id_departamento`) REFERENCES `departamentos` (`id_departamento`),
  ADD CONSTRAINT `universidades_ibfk_2` FOREIGN KEY (`id_provincia`) REFERENCES `provincias` (`id_provincia`),
  ADD CONSTRAINT `universidades_ibfk_3` FOREIGN KEY (`id_distrito`) REFERENCES `distritos` (`id_distrito`),
  ADD CONSTRAINT `universidades_ibfk_4` FOREIGN KEY (`id_prospecto`) REFERENCES `prospectos` (`id_prospecto`);

--
-- Filtros para la tabla `univ_fac_carr`
--
ALTER TABLE `univ_fac_carr`
  ADD CONSTRAINT `univ_fac_carr_ibfk_1` FOREIGN KEY (`id_facultad`) REFERENCES `facultades` (`id_facultad`),
  ADD CONSTRAINT `univ_fac_carr_ibfk_2` FOREIGN KEY (`id_carrera`) REFERENCES `carreras` (`id_carrera`);

--
-- Filtros para la tabla `usuarios`
--
ALTER TABLE `usuarios`
  ADD CONSTRAINT `usuarios_ibfk_1` FOREIGN KEY (`id_univ_fac_carr`) REFERENCES `univ_fac_carr` (`id_univ_fac_carr`),
  ADD CONSTRAINT `usuarios_ibfk_2` FOREIGN KEY (`id_departamento`) REFERENCES `departamentos` (`id_departamento`),
  ADD CONSTRAINT `usuarios_ibfk_3` FOREIGN KEY (`id_provincia`) REFERENCES `provincias` (`id_provincia`),
  ADD CONSTRAINT `usuarios_ibfk_4` FOREIGN KEY (`id_distrito`) REFERENCES `distritos` (`id_distrito`);
COMMIT;

/*!40101 SET CHARACTER_SET_CLIENT=@OLD_CHARACTER_SET_CLIENT */;
/*!40101 SET CHARACTER_SET_RESULTS=@OLD_CHARACTER_SET_RESULTS */;
/*!40101 SET COLLATION_CONNECTION=@OLD_COLLATION_CONNECTION */;
